model,history_id,R_superseded_marker0_all,R_superseded_marker0_aligned,R_superseded_marker0_reversed,R_superseded_marker1_all,R_superseded_marker1_aligned,R_superseded_marker1_reversed,R_entity_mention_marker0_all,R_entity_mention_marker0_aligned,R_entity_mention_marker0_reversed,R_entity_mention_marker1_all,R_entity_mention_marker1_aligned,R_entity_mention_marker1_reversed,marker_effect_superseded_all,marker_effect_entity_mention_all,marker_interaction_all,entity_minus_superseded_marker0_all,entity_minus_superseded_marker1_all,marker_effect_superseded_aligned,marker_effect_entity_mention_aligned,marker_interaction_aligned,entity_minus_superseded_marker0_aligned,entity_minus_superseded_marker1_aligned,marker_effect_superseded_reversed,marker_effect_entity_mention_reversed,marker_interaction_reversed,entity_minus_superseded_marker0_reversed,entity_minus_superseded_marker1_reversed
Qwen3-8B,relational_followups_v1:confirmatory:0000,3.653443078110624,3.4992067194957768,3.80767943672547,2.175908725034995,2.517933877453758,1.833883572616232,9.16398631693734,6.965415995901828,11.362556637972853,5.681343971733382,4.742473654799419,6.620214288667343,-1.477534353075629,-3.482642345203958,2.005107992128329,5.510543238826716,3.505435246698387,-0.9812728420420189,-2.222942341102409,1.2416694990603903,3.466209276406051,2.2245397773456608,-1.973795864109238,-4.74234234930551,2.768546485196272,7.554877201247383,4.786330716051111
Qwen3-8B,relational_followups_v1:confirmatory:0001,3.1171691649112194,2.3923999242747174,3.8419384055477215,2.6301424907796505,2.688019849484248,2.572265132075053,8.045997717126088,4.7897861881272465,11.302209246124928,6.243708504269552,5.397604844028512,7.089812164510592,-0.48702667413156897,-1.802289212856536,1.315262538724967,4.928828552214869,3.6135660134899017,0.2956199252095306,0.6078186559012657,-0.3121987306917351,2.397386263852529,2.7095849945442643,-1.2696732734726686,-4.212397081614336,2.9427238081416673,7.4602708405772065,4.517547032435539
Qwen3-8B,relational_followups_v1:confirmatory:0002,4.165514835023307,3.687063890773832,4.643965779272784,3.6125297158487037,3.516980339378298,3.7080790923191094,5.492393862232199,4.605718707345635,6.379069017118763,4.165049959672623,4.087051493203681,4.243048426141565,-0.5529851191746036,-1.3273439025595763,0.7743587833849728,1.326879027208892,0.5525202438239192,-0.17008355139553366,-0.5186672141419537,0.34858366274642005,0.9186548165718031,0.5700711538253831,-0.9358866869536744,-2.136020590977198,1.2001339040235237,1.735103237845979,0.5349693338224553
Qwen3-8B,relational_followups_v1:confirmatory:0003,4.308818098239122,4.2225812625208565,4.395054933957388,3.586482918338212,3.429771762751968,3.743194073924456,7.436103240682138,5.734023563444156,9.138182917920119,5.046422232032471,4.805479777620341,5.287364686444604,-0.7223351799009103,-2.389681008649667,1.6673458287487568,3.127285142443016,1.4599393136942593,-0.7928094997688886,-0.9285437858238152,0.13573428605492666,1.5114423009232993,1.3757080148683727,-0.6518608600329321,-3.8508182314755155,3.1989573714425834,4.743127983962731,1.5441706125201478
Qwen3-8B,relational_followups_v1:confirmatory:0004,3.40010189187653,2.921394440337046,3.8788093434160134,2.5898238069733033,2.630356132266029,2.5492914816805774,4.933783704409145,4.738342079859844,5.129225328958447,3.090400647294055,2.9144779034063975,3.2663233911817127,-0.8102780849032265,-1.8433830571150902,1.0331049722118637,1.5336818125326155,0.5005768403207518,-0.29103830807101705,-1.823864176453447,1.5328258683824298,1.8169476395227981,0.2841217711403683,-1.329517861735436,-1.8629019377767344,0.5333840760412984,1.2504159855424337,0.7170319095011353
Qwen3-8B,relational_followups_v1:confirmatory:0005,3.6386105295097133,3.709188525134484,3.568032533884943,2.8940426218245383,3.327439481798044,2.4606457618510325,9.750290990184325,7.813131368128016,11.687450612240633,5.9557390210957735,5.192755925046343,6.718722117145207,-0.744567907685175,-3.794551969088552,3.049984061403377,6.111680460674612,3.061696399271235,-0.3817490433364399,-2.6203754430816737,2.238626399745234,4.103942842993533,1.8653164432482985,-1.1073867720339106,-4.9687284950954265,3.861341723061516,8.11941807835569,4.2580763552941745
Qwen3-8B,relational_followups_v1:confirmatory:0006,4.0300724637335605,3.647075231701748,4.4130696957653734,3.3595243455920776,3.8657208531959926,2.8533278379881626,9.458735593453795,7.730338850716686,11.187132336190903,6.647001083890665,5.726135569809536,7.567866597971794,-0.670548118141483,-2.8117345095631308,2.141186391421648,5.428663129720235,3.287476738298587,0.2186456214942445,-2.0042032809071504,2.222848902401395,4.083263619014938,1.8604147166135432,-1.5597418577772109,-3.6192657382191085,2.0595238804418976,6.774062640425529,4.714538759983632
Qwen3-8B,relational_followups_v1:confirmatory:0007,4.899465830519044,4.637802445392928,5.161129215645159,3.9625520706062116,4.11583589579841,3.809268245414013,5.213506579551257,4.445197577178071,5.981815581924444,4.3127323087681475,4.070966283471128,4.554498334065166,-0.9369137599128323,-0.9007742707831099,-0.036139489129722424,0.31404074903221346,0.3501802381619359,-0.5219665495945174,-0.3742312937069432,-0.1477352558875742,-0.19260486821485667,-0.04486961232728248,-1.3518609702311464,-1.4273172478592775,0.07545627762813112,0.8206863662792845,0.7452300886511534
Qwen3-8B,relational_followups_v1:confirmatory:0008,3.6166297926461137,3.452383566025352,3.7808760192668758,3.236580621056201,3.3326438541710814,3.140517387941321,8.066957798642232,6.436269453311876,9.697646143972587,4.85389110126796,4.710951935060329,4.996830267475591,-0.3800491715899126,-3.2130666973742716,2.833017525784359,4.450328005996118,1.617310480211759,-0.11973971185427068,-1.725317518251547,1.6055778063972763,2.983885887286524,1.3783080808892478,-0.6403586313255549,-4.700815876496996,4.060457245171442,5.916770124705712,1.8563128795342703
Qwen3-8B,relational_followups_v1:confirmatory:0009,3.7035551787185352,3.9149291170370404,3.492181240400031,2.8047034095734746,3.078539676019467,2.530867143127482,6.725428865730683,4.390454777613888,9.060402953847479,5.031981054485465,3.6950871953608138,6.3688749136101155,-0.8988517691450606,-1.6934478112452176,0.794596042100157,3.0218736870121474,2.2272776449119904,-0.8363894410175732,-0.6953675822530743,-0.1410218587644989,0.47552566057684764,0.6165475193413466,-0.9613140972725489,-2.6915280402373636,1.7302139429648147,5.568221713447448,3.8380077704826334
Qwen3-8B,relational_followups_v1:confirmatory:0010,3.6576711918906684,3.584263871835405,3.73107851194593,2.4064021439410386,2.5857004863777586,2.2271038015043194,8.50030515312989,6.721100923909926,10.279509382349854,6.231176650801094,5.15868929253163,7.303664009070559,-1.2512690479496298,-2.2691285023287957,1.017859454379166,4.842633961239222,3.824774506860056,-0.9985633854576466,-1.5624116313782963,0.5638482459206497,3.136837052074521,2.5729888061538713,-1.5039747104416108,-2.975845373279295,1.4718706628376843,6.548430870403924,5.0765602075662395
Qwen3-8B,relational_followups_v1:confirmatory:0011,3.566741072439624,3.310677000165777,3.822805144713471,3.2156085514573824,3.3227131580931433,3.1085039448216216,9.339890351915537,7.106739376046334,11.573041327784738,5.791691504267217,5.175695265942582,6.407687742591851,-0.35113252098224157,-3.5481988476483206,3.197066326666079,5.773149279475913,2.576082952809834,0.012036157927366453,-1.9310441101037519,1.9430802680311183,3.796062375880557,1.8529821078494386,-0.7143011998918496,-5.165353585192887,4.451052385301037,7.750236183071267,3.2991837977702296
Qwen3-8B,relational_followups_v1:confirmatory:0012,2.6225815019853087,2.5658916239398115,2.6792713800308063,2.080429103532353,2.2013826260975202,1.9594755809671858,5.383611805131551,4.337479321309346,6.4297442889537555,3.826953718800689,3.796169491927902,3.857737945673476,-0.5421523984529557,-1.5566580863308621,1.0145056878779064,2.761030303146242,1.7465246152683358,-0.3645089978422913,-0.5413098293814445,0.17680083153915316,1.7715876973695348,1.5947868658303817,-0.7197957990636206,-2.5720063432802793,1.8522105442166588,3.750472908922949,1.8982623647062904
Qwen3-8B,relational_followups_v1:confirmatory:0013,4.921993555023538,4.4172837498699575,5.426703360177116,3.824456466172684,4.021194389119205,3.6277185432261634,5.279912489939274,4.4053687549290155,6.154456224949532,3.7762709443208697,3.4550130542001964,4.097528834441543,-1.0975370888508538,-1.5036415456184047,0.4061044567675509,0.35791893491573656,-0.04818552185181435,-0.39608936075075274,-0.950355700728819,0.5542663399780663,-0.011914994940942059,-0.5661813349190083,-1.798984816950953,-2.0569273905079886,0.25794257355703554,0.7277528647724152,0.46981029121537965
Qwen3-8B,relational_followups_v1:confirmatory:0014,3.7604036827122047,3.262524047519501,4.258283317904908,2.1745067117958023,2.1319983426031417,2.217015080988463,5.972723491210161,4.131847795403226,7.813599187017095,4.000477535414865,2.873901800431705,5.127053270398026,-1.5858969709164024,-1.9722459557952954,0.386348984878893,2.212319808497956,1.825970823619063,-1.1305257049163595,-1.2579459949715215,0.12742029005516198,0.8693237478837252,0.7419034578285633,-2.041268236916445,-2.6865459166190693,0.6452776797026241,3.555315869112187,2.910038189409563
Qwen3-8B,relational_followups_v1:confirmatory:0015,3.8447244170071864,3.345406957956503,4.344041876057869,3.1926616567529886,2.934679807116142,3.4506435063898353,6.051445878240191,5.034708377360313,7.06818337912007,4.237026126959966,3.240534103836633,5.233518150083299,-0.6520627602541977,-1.8144197512802247,1.162356991026027,2.2067214612330046,1.0443644702069776,-0.41072715084036115,-1.79417427352368,1.383447122683319,1.6893014194038098,0.3058542967204909,-0.8933983696680334,-1.834665229036771,0.9412668593687377,2.724141503062201,1.7828746436934635
Qwen3-8B,relational_followups_v1:confirmatory:0016,3.217873178970688,2.784162059922878,3.6515842980184976,3.0260214134119487,3.356048783266771,2.6959940435571266,7.419838028721516,5.882307147413583,8.95736891002945,5.439770509064765,4.503516772804433,6.376024245325095,-0.19185176555873928,-1.9800675196567514,1.7882157540980121,4.201964849750828,2.413749095652816,0.5718867233438929,-1.3787903746091494,1.9506770979530423,3.0981450874907046,1.1474679895376623,-0.955590254461371,-2.581344664704355,1.6257544102429842,5.305784612010952,3.680030201767968
Qwen3-8B,relational_followups_v1:confirmatory:0017,3.761190625258254,3.4767466538278535,4.045634596688655,3.1363675632357073,3.4368099417854063,2.8359251846860083,5.20145667664829,4.303011733023927,6.099901620272653,4.388906416752954,3.8337147960450473,4.944098037460862,-0.6248230620225468,-0.8125502598953354,0.18772719787278858,1.4402660513900356,1.252538853517247,-0.0399367120424472,-0.4692969369788793,0.4293602249364321,0.8262650791960731,0.39690485425964095,-1.2097094120026464,-1.1558035828117905,-0.05390582919085585,2.054267023583998,2.108172852774854
Qwen3-8B,relational_followups_v1:confirmatory:0018,3.041312335189543,3.0736775595598957,3.0089471108191903,2.8610257954643674,2.9587331862279633,2.7633184047007715,6.720185502479547,5.452582876688371,7.987788128270724,5.429173054237186,5.441303730135877,5.417042378338493,-0.1802865397251754,-1.2910124482423608,1.1107259085171854,3.678873167290004,2.5681472587728185,-0.11494437333193241,-0.011279146552494623,-0.10366522677943779,2.3789053171284755,2.4825705439079133,-0.2456287061184188,-2.5707457499322306,2.325117043813812,4.978841017451534,2.653723973637722
Qwen3-8B,relational_followups_v1:confirmatory:0019,3.587886797981525,3.468625828134341,3.707147767828709,3.1284173253901844,3.166301998565519,3.0905326522148497,9.992927929325907,8.804366762284427,11.181489096367386,7.668551580503275,6.989656632856125,8.347446528150424,-0.45946947259134063,-2.324376348822632,1.8649068762312915,6.405041131344381,4.54013425511309,-0.302323829568822,-1.8147101294283026,1.5123862998594806,5.3357409341500865,3.823354634290606,-0.6166151156138593,-2.8340425682169617,2.2174274526031024,7.474341328538677,5.256913875935575
Qwen3-8B,relational_followups_v1:confirmatory:0020,3.2752988671966743,3.4931928798217924,3.0574048545715566,3.1022785011592435,3.662094529687014,2.542462472631473,8.041647835678809,6.9548695311499,9.128426140207718,5.337930180461037,4.544742953701577,6.131117407220499,-0.17302036603743076,-2.7037176552177717,2.530697289180341,4.766348968482134,2.2356516793017938,0.1689016498652216,-2.410126577448323,2.5790282273135445,3.461676651328107,0.8826484240145627,-0.5149423819400836,-2.9973087329872197,2.482366351047136,6.071021285636162,3.5886549345890257
Qwen3-8B,relational_followups_v1:confirmatory:0021,4.031456523713457,4.504075810590155,3.558837236836758,3.370159971772658,4.140935858003922,2.599384085541394,6.116747249379539,5.531249825125139,6.702244673633941,4.1584632861728394,3.402319802452765,4.914606769892915,-0.661296551940799,-1.9582839632067,1.296987411265901,2.0852907256660824,0.7883033144001814,-0.3631399525862333,-2.1289300226723737,1.7657900700861404,1.0271740145349835,-0.738616055551157,-0.9594531512953637,-1.7876379037410262,0.8281847524456625,3.143407436797183,2.3152226843515207
Qwen3-8B,relational_followups_v1:confirmatory:0022,3.8847577919102587,3.7725264227545843,3.996989161065933,2.8629615760396177,3.005080550508313,2.720842601570922,9.911690032940406,7.847791417167222,11.97558864871359,8.219210280072918,6.653170194053196,9.78525036609264,-1.021796215870641,-1.692479752867488,0.6706835369968469,6.026932241030147,5.3562487040333,-0.7674458722462711,-1.1946212231140256,0.4271753508677545,4.075264994412637,3.648089643544883,-1.276146559495011,-2.1903382826209494,0.9141917231259384,7.9785994876476565,7.064407764521718
Qwen3-8B,relational_followups_v1:confirmatory:0023,4.012599901955257,3.9895649527108024,4.0356348511997115,2.4933082949902996,2.7709497828172474,2.215666807163352,7.065496333479719,6.017859633951418,8.113133033008019,5.666061488844294,4.616831335800757,6.715291641887832,-1.5192916069649574,-1.399434844635425,-0.11985676232953235,3.052896431524462,3.1727531938539943,-1.218615169893555,-1.4010282981506608,0.18241312825710576,2.0282946812406157,1.84588155298351,-1.8199680440363597,-1.3978413911201866,-0.42212665291617313,4.077498181808307,4.4996248347244805
Gemma 3 4B,relational_followups_v1:confirmatory:0000,2.5795227209037943,2.187805240277064,2.971240201530525,1.2516129966764522,1.4117061289505983,1.091519864402306,2.854858474329145,3.361694622683637,2.348022325974653,3.0971188854146083,3.754987112316128,2.439250658513089,-1.327909724227342,0.24226041108546337,-1.5701701353128055,0.27533575342535066,1.8455058887381561,-0.7760991113264657,0.39329248963249075,-1.1693916009589564,1.173889382406573,2.3432809833655295,-1.879720337128219,0.09122833253843599,-1.970948669666655,-0.6232178755558722,1.3477307941107828
Gemma 3 4B,relational_followups_v1:confirmatory:0001,3.2789492953154835,3.522143917434983,3.035754673195984,1.3307086626165288,1.2341251876885746,1.427292137544483,3.9897603828399673,5.338018999880236,2.641501765799698,3.049222782251826,4.26209480725661,1.8363507572470414,-1.9482406326989548,-0.9405376005881414,-1.0077030321108134,0.7108110875244837,1.718514119635297,-2.2880187297464083,-1.075924192623626,-1.2120945371227823,1.8158750824452534,3.0279696195680357,-1.6084625356515012,-0.8051510085526568,-0.8033115270988445,-0.39425290739628593,0.4090586197025585
Gemma 3 4B,relational_followups_v1:confirmatory:0002,2.1655545165090757,1.9137750201786687,2.4173340128394827,1.9238008533551776,1.539485296328901,2.308116410381454,3.3751006147666818,4.198313777992224,2.5518874515411394,1.9334342522668293,2.9567099275599436,0.910158576973715,-0.24175366315389812,-1.4416663624998525,1.1999126993459543,1.209546098257606,0.009633398911651714,-0.3742897238497678,-1.2416038504322806,0.8673141265825128,2.2845387578135554,1.4172246312310426,-0.10921760245802847,-1.6417288745674243,1.5325112721093959,0.1345534387016567,-1.3979578334077392
Gemma 3 4B,relational_followups_v1:confirmatory:0003,1.521146602536204,1.8004546141502376,1.2418385909221703,0.9794746337896458,1.5029413980190114,0.4560078695602803,1.1749197951581567,3.0135901889564285,-0.6637505986401151,1.5052152692405776,1.6767918311546586,1.3336387073264966,-0.5416719687465581,0.3302954740824209,-0.871967442828979,-0.34622680737804723,0.5257406354509317,-0.29751321613122617,-1.33679835780177,1.0392851416705438,1.213135574806191,0.1738504331356472,-0.78583072136189,1.9973893059666117,-2.7832200273285017,-1.9055891895622854,0.8776308377662163
Gemma 3 4B,relational_followups_v1:confirmatory:0004,2.077605097907534,2.769603612353272,1.3856065834617954,1.5624101544375826,2.001924564064187,1.122895744810978,2.583499258414991,4.123892420823991,1.0431060960059906,1.985565806250062,3.0411234658082207,0.930008146691903,-0.5151949434699512,-0.5979334521649289,0.08273850869497767,0.5058941605074572,0.4231556518124795,-0.767679048289085,-1.0827689550157706,0.3150899067266857,1.3542888084707192,1.0391989017440335,-0.26271083865081746,-0.11309794931408756,-0.1496128893367299,-0.34250048745580486,-0.19288759811907497
Gemma 3 4B,relational_followups_v1:confirmatory:0005,3.9243328753407165,3.7590049324697774,4.089660818211655,2.067730086536262,2.4560610841686623,1.6793990889038612,4.859481896397508,5.3901486066055,4.328815186189516,3.351893691272742,4.153998098002121,2.5497892845433636,-1.8566027888044547,-1.5075882051247658,-0.34901458367968896,0.9351490210567914,1.2841636047364804,-1.302943848301115,-1.2361505086033793,-0.06679333969773582,1.6311436741357226,1.6979370138334584,-2.410261729307794,-1.7790259016461523,-0.6312358276616417,0.23915436797786072,0.8703901956395024
Gemma 3 4B,relational_followups_v1:confirmatory:0006,3.7635826607441083,3.686511767662253,3.8406535538259625,1.5444428653300815,2.085709313641921,1.003176417018242,4.51549752959713,5.629151191596549,3.4018438675977105,3.4856905110836336,4.7507062707254555,2.2206747514418117,-2.219139795414027,-1.029807018513496,-1.1893327769005309,0.7519148688530213,1.9412476457535521,-1.6008024540203323,-0.8784449208710932,-0.7223575331492391,1.9426394239342955,2.6649969570835346,-2.8374771368077205,-1.1811691161558988,-1.6563080206518217,-0.438809686228252,1.2174983344235697
Gemma 3 4B,relational_followups_v1:confirmatory:0007,2.7823013191512382,2.902433027108498,2.6621696111939785,2.0385957753264163,1.643011767393273,2.4341797832595597,2.4016038399846478,3.345928049752616,1.4572796302166795,2.050955588308667,3.380154577647395,0.7217565989699395,-0.7437055438248219,-0.35064825167598057,-0.39305729214884133,-0.38069747916659047,0.012359812982250862,-1.259421259715225,0.03422652789477887,-1.2936477876100039,0.4434950226441181,1.737142810254122,-0.2279898279344188,-0.73552303124674,0.5075332033123212,-1.204889980977299,-1.7124231842896203
Gemma 3 4B,relational_followups_v1:confirmatory:0008,2.3615637299098133,2.247586979539653,2.475540480279973,1.7933610543405325,1.9308525953950229,1.6558695132860421,3.6722681752487243,4.850235246605411,2.4943011038920364,3.0406401251426876,3.612674799472316,2.468605450813058,-0.5682026755692808,-0.6316280501060367,0.0634253745367559,1.310704445338911,1.247279070802155,-0.3167343841446302,-1.2375604471330952,0.920826062988465,2.6026482670657582,1.6818222040772932,-0.819670966993931,-0.025695653078978253,-0.7939753139149528,0.01876062361206321,0.812735937527016
Gemma 3 4B,relational_followups_v1:confirmatory:0009,3.167286883767766,3.187407781551756,3.1471659859837757,2.255751936555735,2.9053406999136513,1.6061631731978183,2.952108168274967,4.04560151179965,1.8586148247502834,2.662533078477843,3.40623090371549,1.9188352532401964,-0.9115349472120311,-0.28957508979712365,-0.6219598574149074,-0.2151787154927991,0.40678114192210835,-0.2820670816381048,-0.6393706080841604,0.35730352644605556,0.8581937302478941,0.5008902038018386,-1.5410028127859574,0.06022042848991305,-1.6012232412758705,-1.2885511612334923,0.3126720800423781
Gemma 3 4B,relational_followups_v1:confirmatory:0010,2.9577368236172106,3.0232604145677717,2.8922132326666503,1.4513373873112987,2.1255034410611655,0.7771713335614319,4.4739962571109375,5.346941541750755,3.6010509724711204,2.58897471695338,3.6703425457209695,1.5076068881857907,-1.5063994363059119,-1.8850215401575574,0.3786221038516455,1.516259433493727,1.1376373296420814,-0.8977569735066062,-1.6765989960297851,0.7788420225231789,2.323681127182983,1.544839104659804,-2.1150418991052184,-2.0934440842853297,-0.02159781481988876,0.7088377398044701,0.7304355546243588
Gemma 3 4B,relational_followups_v1:confirmatory:0011,2.3103962108456857,2.3371192864813874,2.2836731352099835,1.0270543152708385,1.2414115187899233,0.8126971117517536,2.0906423425759653,2.787252554255522,1.3940321308964085,1.6317017221910302,1.3409369670014017,1.9224664773806586,-1.2833418955748472,-0.4589406203849351,-0.8244012751899121,-0.21975386826972043,0.6046474069201917,-1.0957077676914642,-1.4463155872541202,0.3506078195626561,0.45013326777413454,0.09952544821147846,-1.4709760234582299,0.52843434648425,-1.99941036994248,-0.889641004313575,1.109769365628905
Gemma 3 4B,relational_followups_v1:confirmatory:0012,2.3704707784341403,2.6598973835897923,2.0810441732784883,1.2814193593536727,1.6277502633448888,0.9350884553624565,3.0908309337475712,3.981424071137761,2.2002377963573814,2.067340503128021,2.2175057101275333,1.9171752961285096,-1.0890514190804677,-1.02349043061955,-0.06556098846091762,0.7203601553134309,0.7859211437743485,-1.0321471202449035,-1.7639183610102278,0.7317712407653243,1.3215266875479688,0.5897554467826445,-1.1459557179160318,-0.2830625002288718,-0.86289321768716,0.11919362307889303,0.982086840766053
Gemma 3 4B,relational_followups_v1:confirmatory:0013,1.8591199977466895,2.6509792346991925,1.0672607607941869,0.8580766445494992,1.144800243911714,0.5713530451872844,4.163164922421117,5.672064202196772,2.6542656426454627,2.5791640370293276,4.023817845074086,1.1345102289845697,-1.0010433531971903,-1.5840008853917897,0.5829575321945994,2.304044924674428,1.7210873924798284,-1.5061789907874785,-1.6482463571226864,0.1420673663352079,3.0210849674975795,2.8790176011623716,-0.4959077156069025,-1.519755413660893,1.0238476980539906,1.5870048818512759,0.5631571837972853
Gemma 3 4B,relational_followups_v1:confirmatory:0014,2.568662355915882,3.227204644892466,1.9101200669392977,1.792744753329902,2.667718765131153,0.9177707415286509,3.7739661282507804,4.854148960174867,2.693783296326694,3.1453315984935495,4.076234136511645,2.214429060475454,-0.77591760258598,-0.6286345297572309,-0.14728307282874908,1.2053037723348985,1.3525868451636476,-0.5594858797613131,-0.7779148236632221,0.21842894390190892,1.626944315282401,1.408515371380492,-0.9923493254106468,-0.47935423585124015,-0.5129950895594066,0.7836632293873964,1.296658318946803
Gemma 3 4B,relational_followups_v1:confirmatory:0015,1.8638484289578812,2.0452918308669887,1.6824050270487731,1.7402416091088697,1.4982669659672148,1.9822162522505247,2.6606130544477917,3.364874149214503,1.95635195968108,1.7799969556101936,2.239603152920529,1.3203907582998582,-0.12360681984901145,-0.8806160988375982,0.7570092789885867,0.7967646254899106,0.03975534650132384,-0.547024864899774,-1.125270996293974,0.5782461313942,1.3195823183475142,0.7413361869533142,0.2998112252017515,-0.6359612013812219,0.9357724265829734,0.27394693263230696,-0.6618254939506665
Gemma 3 4B,relational_followups_v1:confirmatory:0016,3.1388432673861733,3.6072755822893363,2.670410952483011,1.4321192272989074,1.6259824905816123,1.2382559640162025,4.1046091067411385,5.2908044259072575,2.9184137875750205,2.2992153830012465,4.172523597794984,0.42590716820750885,-1.7067240400872659,-1.805393723739892,0.09866968365262618,0.9657658393549653,0.8670961557023391,-1.981293091707724,-1.1182808281122734,-0.8630122635954507,1.6835288436179212,2.546541107213372,-1.4321549884668086,-2.4925066193675116,1.060351630900703,0.24800283509200938,-0.8123487958086937
Gemma 3 4B,relational_followups_v1:confirmatory:0017,2.81776442503141,2.9006236758702846,2.7349051741925354,1.4306735861155029,0.8545250158846418,2.006822156346364,2.8526549064062645,3.68738131871259,2.017928494099939,1.7596676660283008,2.6904108573352676,0.828924474721334,-1.3870908389159071,-1.0929872403779637,-0.29410359853794343,0.03489048137485451,0.32899407991279794,-2.0460986599856428,-0.9969704613773223,-1.0491281986083205,0.7867576428423053,1.8358858414506258,-0.7280830178461715,-1.1890040193786051,0.46092100153243365,-0.7169766800925963,-1.17789768162503
Gemma 3 4B,relational_followups_v1:confirmatory:0018,2.7819797481184416,2.6710338852869917,2.8929256109498915,1.258540159727088,1.0663971086430992,1.4506832108110768,4.427825747532101,5.259076536827553,3.5965749582366477,3.0739682034260296,3.7310826387072824,2.416853768144777,-1.5234395883913536,-1.353857544106071,-0.16958204428528267,1.645845999413659,1.8154280436989416,-1.6046367766438925,-1.527993898120271,-0.0766428785236215,2.5880426515405617,2.664685530064183,-1.4422424001388148,-1.179721190091871,-0.26252121004694384,0.7036493472867562,0.9661705573337
Gemma 3 4B,relational_followups_v1:confirmatory:0019,3.2687614460952243,3.111118334727066,3.426404557463383,2.3690410556969694,2.0244224618631694,2.7136596495307694,3.4071901366049397,4.839099211806094,1.975281061403786,2.2980185779183366,3.1546913509392036,1.4413458048974697,-0.8997203903982549,-1.109171558686603,0.2094511682883482,0.1384286905097154,-0.0710224777786328,-1.0866958728638965,-1.68440786086689,0.5977119880029935,1.7279808770790277,1.1302688890760342,-0.7127449079326134,-0.5339352565063162,-0.17880965142629712,-1.451123496059597,-1.2723138446332998
Gemma 3 4B,relational_followups_v1:confirmatory:0020,1.8839299585465645,2.498151659188109,1.2697082579050205,0.9179350918304361,1.6055574859813975,0.2303126976794747,2.864455319191595,3.9982566039806637,1.730654034402526,1.318512003011219,2.5742654401199383,0.06275856590249962,-0.9659948667161284,-1.545943316180376,0.5799484494642475,0.9805253606450304,0.40057691118078287,-0.8925941732067115,-1.4239911638607254,0.5313969906540139,1.5001049447925547,0.9687079541385408,-1.0393955602255458,-1.6678954685000265,0.6284999082744807,0.46094577649750557,-0.1675541317769751
Gemma 3 4B,relational_followups_v1:confirmatory:0021,2.37061054224917,2.8342088976085993,1.907012186889741,2.198129674354977,2.5570412100372586,1.8392181386726953,2.3545024969677084,2.952097959567694,1.7569070343677229,1.8501949848984816,2.6654534311740203,1.0349365386229428,-0.17248086789419315,-0.5043075120692269,0.3318266441750337,-0.016108045281461703,-0.3479346894564954,-0.2771676875713407,-0.2866445283936736,0.00947684082233291,0.11788906195909465,0.10841222113676174,-0.0677940482170456,-0.7219704957447801,0.6541764475277345,-0.15010515252201806,-0.8042816000497526
Gemma 3 4B,relational_followups_v1:confirmatory:0022,2.862398407896701,3.480981608637835,2.243815207155567,1.2551578127500727,1.0169204350786147,1.4933951904215306,3.673961604536168,4.613151352211047,2.734771856861289,2.208909955607452,2.3517070995345586,2.0661128116803456,-1.6072405951466284,-1.465051648928716,-0.14218894621791245,0.811563196639467,0.9537521428573794,-2.4640611735592204,-2.2614442526764886,-0.20261692088273175,1.132169743573212,1.3347866644559438,-0.7504200167340365,-0.6686590451809433,-0.08176097155309314,0.49095664970572184,0.572717621258815
Gemma 3 4B,relational_followups_v1:confirmatory:0023,2.4602696991914197,2.5790289538110756,2.341510444571764,1.3473561460787953,1.4299794104226935,1.264732881734897,3.204470759412339,4.501839696846602,1.9071018219780758,1.7188818042418204,2.8273247285113072,0.6104388799723335,-1.1129135531126244,-1.4855889551705186,0.3726754020578942,0.7442010602209193,0.3715256581630251,-1.149049543388382,-1.674514968335295,0.5254654249469128,1.9228107430355266,1.3973453180886137,-1.0767775628368668,-1.2966629420057423,0.21988537916887552,-0.43440862259368807,-0.6542940017625636
