model,history_id,R_superseded_all,R_superseded_aligned,R_superseded_reversed,R_other_updated_all,R_other_updated_aligned,R_other_updated_reversed,R_other_static_all,R_other_static_aligned,R_other_static_reversed,superseded_minus_other_updated_all,other_updated_minus_other_static_all,superseded_minus_other_static_all,superseded_minus_other_updated_aligned,other_updated_minus_other_static_aligned,superseded_minus_other_static_aligned,superseded_minus_other_updated_reversed,other_updated_minus_other_static_reversed,superseded_minus_other_static_reversed
Qwen3-8B,relational_followups_update_v1:confirmatory:0000,1.0366924069509542,1.111620521701913,0.9617642921999954,0.3893624019234454,0.501728464019247,0.2769963398276438,0.37135921732794674,0.8032552727315982,-0.06053683807570476,0.6473300050275088,0.018003184595498656,0.6653331896230075,0.6098920576826661,-0.30152680871235127,0.3083652489703148,0.6847679523723516,0.3375331779033486,1.0223011302757001
Qwen3-8B,relational_followups_update_v1:confirmatory:0001,1.5413868719351815,2.2449653854077445,0.8378083584626186,0.6698183174193546,1.134699213914672,0.2049374209240371,0.7318450846069084,1.0453046222651992,0.41838554694861774,0.8715685545158269,-0.062026767187553844,0.8095417873282731,1.1102661714930724,0.08939459164947294,1.1996607631425453,0.6328709375385815,-0.21344812602458063,0.41942281151400085
Qwen3-8B,relational_followups_update_v1:confirmatory:0002,0.5235256933971166,1.0977607003689727,-0.0507093135747394,-0.24871023357556954,-0.083391118555598,-0.4140293485955411,0.34260428553878675,1.0353207554908272,-0.35011218441325376,0.7722359269726862,-0.5913145191143563,0.18092140785832989,1.1811518189245707,-1.1187118740464252,0.062439944878145415,0.3633200350208017,-0.06391716418228732,0.29940287083851436
Qwen3-8B,relational_followups_update_v1:confirmatory:0003,0.6867752363975015,1.3519889216169698,0.021561551178033156,0.4185650375031429,0.6314696478543027,0.20566042715198307,0.6613233111970063,1.188811394623885,0.13383522777012757,0.2682101988943586,-0.24275827369386338,0.025451925200495218,0.7205192737626671,-0.5573417467695823,0.16317752699308485,-0.18409887597394992,0.0718251993818555,-0.11227367659209442
Qwen3-8B,relational_followups_update_v1:confirmatory:0004,1.4047481669114645,1.3324627469127694,1.4770335869101596,1.0316069008211606,1.7345016806430453,0.3287121209992758,1.0516497981273407,1.2596754249290103,0.8436241713256711,0.37314126609030396,-0.02004289730618014,0.3530983687841238,-0.4020389337302759,0.47482625571403503,0.07278732198375915,1.1483214659108838,-0.5149120503263953,0.6334094155844885
Qwen3-8B,relational_followups_update_v1:confirmatory:0005,1.22534121449184,1.582398521166371,0.8682839078173092,0.19874246918867122,0.29723400806398814,0.1002509303133543,0.6237971145033976,0.6697433947245299,0.5778508342822652,1.0265987453031689,-0.42505464531472636,0.6015440999884425,1.2851645131023828,-0.3725093866605418,0.912655126441841,0.7680329775039549,-0.47759990396891094,0.290433073535044
Qwen3-8B,relational_followups_update_v1:confirmatory:0006,0.9550048713271471,0.9917805178377632,0.9182292248165309,0.0427243443950438,0.5191305267614146,-0.433681837971327,0.4246428882999984,0.9691887128729251,-0.11990293627292825,0.9122805269321033,-0.3819185439049546,0.5303619830271487,0.47264999107634864,-0.4500581861115105,0.022591804964838147,1.3519110627878579,-0.3137789016983987,1.0381321610894592
Qwen3-8B,relational_followups_update_v1:confirmatory:0007,1.814499929137083,2.712960446251247,0.9160394120229189,0.7241500870061339,1.567328479254578,-0.11902830524231023,1.0550726506205135,1.0164710718245695,1.0936742294164574,1.090349842130949,-0.33092256361437955,0.7594272785165694,1.1456319669966688,0.5508574074300085,1.6964893744266774,1.0350677172652292,-1.2127025346587677,-0.17763481739353848
Qwen3-8B,relational_followups_update_v1:confirmatory:0008,0.9730360526082276,0.9389896798343633,1.0070824253820918,0.05105514468950956,0.45299093909536126,-0.35088064971634214,-0.0948722385887586,0.3527639814567616,-0.5425084586342788,0.921980907918718,0.14592738327826815,1.0679082911969862,0.48599874073900207,0.10022695763859968,0.5862256983776017,1.357963075098434,0.19162780891793663,1.5495908840163706
Qwen3-8B,relational_followups_update_v1:confirmatory:0009,1.2977666095643383,1.6053947363895817,0.9901384827390949,1.0832312622255846,1.396608218042001,0.7698543064091683,1.2531271516833131,1.392939500626353,1.1133148027402733,0.21453534733875368,-0.1698958894577285,0.04463945788102519,0.20878651834758077,0.003668717415648004,0.21245523576322878,0.22028417632992658,-0.343460496331105,-0.1231763200011784
Qwen3-8B,relational_followups_update_v1:confirmatory:0010,0.7266990595202509,0.9651187106898762,0.48827940835062567,0.27340570888788784,0.2620520734097811,0.2847593443659946,0.1959938317571388,0.3046898915322638,0.08729777198201383,0.4532933506323631,0.07741187713074904,0.5307052277631121,0.7030666372800951,-0.042637818122482685,0.6604288191576124,0.20352006398463107,0.19746157238398077,0.40098163636861184
Qwen3-8B,relational_followups_update_v1:confirmatory:0011,0.6545733737945527,0.6346926819993648,0.6744540655897406,-0.029693636082432473,0.7282397996042702,-0.7876270717691352,0.04273513761440961,0.7939484914127535,-0.7084782161839343,0.6842670098769852,-0.07242877369684209,0.6118382361801431,-0.09354711760490542,-0.06570869180848327,-0.15925580941338868,1.4620811373588758,-0.0791488555852009,1.3829322817736749
Qwen3-8B,relational_followups_update_v1:confirmatory:0012,1.243284042387352,1.8749822859653653,0.6115857988093385,0.9198016246467275,0.8954951753214759,0.9441080739719792,1.0003644560038363,0.9001367400807174,1.1005921719269551,0.32348241774062436,-0.08056283135710873,0.24291958638351563,0.9794871106438894,-0.00464156475924149,0.9748455458846479,-0.33252227516264066,-0.15648409795497598,-0.48900637311761663
Qwen3-8B,relational_followups_update_v1:confirmatory:0013,1.0812701844492083,1.2418740936882848,0.9206662752101318,1.0802839329317706,1.018972800273506,1.1415950655900353,0.7920385552684888,0.8090708354023244,0.7750062751346531,0.0009862515174376973,0.28824537766328184,0.28923162918071954,0.22290129341477893,0.2099019648711815,0.43280325828596045,-0.22092879037990354,0.3665887904553822,0.14566000007547864
Qwen3-8B,relational_followups_update_v1:confirmatory:0014,1.0782440677513132,1.9195837028877376,0.2369044326148888,0.42568734144064013,0.7828847138238881,0.06848996905739213,0.6263762455106439,0.54787218353772,0.7048803074835677,0.6525567263106731,-0.20068890407000373,0.45186782224066935,1.1366989890638495,0.2350125302861681,1.3717115193500176,0.16841446355749667,-0.6363903384261755,-0.46797587486867886
Qwen3-8B,relational_followups_update_v1:confirmatory:0015,0.9954877291898492,1.2600001790066901,0.7309752793730082,0.3888547910885731,0.4080734566605875,0.3696361255165588,0.9610392028007029,1.415707689022649,0.5063707165787568,0.606632938101276,-0.5721844117121297,0.034448526389146306,0.8519267223461027,-1.0076342323620615,-0.15570751001595884,0.36133915385644944,-0.13673459106219799,0.22460456279425145
Qwen3-8B,relational_followups_update_v1:confirmatory:0016,0.9783996393288694,1.3842460859179297,0.5725531927398091,0.7984816667284891,0.963200587888907,0.6337627455680712,1.4260558137158084,1.4438878328234273,1.4082237946081895,0.17991797260038034,-0.6275741469873193,-0.44765617438693894,0.4210454980290228,-0.4806872449345203,-0.059641746905497506,-0.061209552828262126,-0.7744610490401183,-0.8356706018683804
Qwen3-8B,relational_followups_update_v1:confirmatory:0017,1.366396610114387,1.4531673262837224,1.2796258939450516,0.39690167960978906,0.6026426601575245,0.19116069906205357,0.5843202412491144,0.5623897275981591,0.6062507549000697,0.9694949305045979,-0.18741856163932535,0.7820763688652725,0.8505246661261978,0.04025293255936546,0.8907775986855633,1.088465194882998,-0.41509005583801617,0.6733751390449818
Qwen3-8B,relational_followups_update_v1:confirmatory:0018,1.4728122684295402,1.7961461675380983,1.149478369320982,0.534926835233384,0.26276087775356016,0.8070927927132079,0.7607482446595002,1.0259087837410332,0.49558770557796716,0.9378854331961561,-0.22582140942611617,0.71206402377004,1.5333852897845381,-0.7631479059874731,0.7702373837970651,0.34238557660777413,0.3115050871352407,0.6538906637430149
Qwen3-8B,relational_followups_update_v1:confirmatory:0019,1.466562012460479,1.5326457138611094,1.4004783110598487,0.20855004227002416,0.19420218711358128,0.22289789742646704,0.7141047288147662,0.8201428319250947,0.6080666257044376,1.2580119701904549,-0.505554686544742,0.7524572836457128,1.338443526747528,-0.6259406448115135,0.7125028819360146,1.1775804136333816,-0.38516872827797055,0.7924116853554111
Qwen3-8B,relational_followups_update_v1:confirmatory:0020,1.3484170915899658,1.359327271597821,1.3375069115821105,0.26311459016757466,0.1813490038779868,0.3448801764571625,1.004237765841625,1.1248603616279134,0.8836151700553367,1.0853025014223912,-0.7411231756740504,0.34417932574834076,1.1779782677198343,-0.9435113577499266,0.2344669099699077,0.992626735124948,-0.5387349935981742,0.4538917415267738
Qwen3-8B,relational_followups_update_v1:confirmatory:0021,1.8140455986287636,1.9630639313890068,1.6650272658685203,0.9092738889465486,0.5605935146990886,1.2579542631940086,1.0481155184884687,1.3817805769767384,0.7144504600001991,0.904771709682215,-0.13884162954192014,0.7659300801402948,1.4024704166899182,-0.8211870622776498,0.5812833544122684,0.40707300267451174,0.5435038031938095,0.9505768058683213
Qwen3-8B,relational_followups_update_v1:confirmatory:0022,2.041561864636511,1.8435146621255427,2.2396090671474793,0.63884069756062,0.7777870781661091,0.49989431695513087,1.269780745351683,1.1517877133239445,1.3877737773794214,1.402721167075891,-0.6309400477910629,0.7717811192848281,1.0657275839594336,-0.3740006351578353,0.6917269488015982,1.7397147501923484,-0.8878794604242906,0.8518352897680579
Qwen3-8B,relational_followups_update_v1:confirmatory:0023,0.42030722243254104,1.0052490570901496,-0.16463461222506748,-0.07135283740904619,0.13704412413784617,-0.27974979895593854,0.08547758221122681,0.3314879586397561,-0.1605327942173025,0.4916600598415872,-0.156830419620273,0.33482964022131423,0.8682049329523034,-0.19444383450190994,0.6737610984503934,0.11511518673087107,-0.11921700473863606,-0.00410181800776499
Qwen3-8B,relational_followups_update_v1:confirmatory:0024,1.0261195599298487,1.5148086791583708,0.5374304407013266,0.3753612731415057,0.5129759054288012,0.23774664085421016,0.9185498631035252,0.9238429788023481,0.9132567474047022,0.650758286788343,-0.5431885899620195,0.10756969682632356,1.0018327737295696,-0.4108670733735469,0.5909657003560227,0.29968379984711646,-0.675510106550492,-0.3758263067033756
Qwen3-8B,relational_followups_update_v1:confirmatory:0025,0.9875749616480007,1.2544773243601428,0.7206725989358587,0.5143427990931708,0.6454626779560915,0.3832229202302502,1.0871632276295342,1.4443833608249692,0.7299430944340992,0.4732321625548299,-0.5728204285363634,-0.09958826598153347,0.6090146464040513,-0.7989206828688777,-0.1899060364648264,0.3374496787056085,-0.34672017420384904,-0.00927049549824055
Qwen3-8B,relational_followups_update_v1:confirmatory:0026,0.8878308828766137,1.0081363824841238,0.7675253832691036,0.32524607666449734,0.8504101757937663,-0.19991802246477164,0.43623308354604173,0.616624810635864,0.2558413564562194,0.5625848062121164,-0.11098700688154439,0.451597799330572,0.15772620669035753,0.23378536515790227,0.3915115718482598,0.9674434057338752,-0.45575937892099105,0.5116840268128842
Qwen3-8B,relational_followups_update_v1:confirmatory:0027,1.5083926490323818,1.7977077204132188,1.2190775776515448,0.3449228887014355,0.7824344241812291,-0.0925886467783581,0.8456016299497691,1.0101981192023999,0.6810051406971382,1.1634697603309463,-0.5006787412483336,0.6627910190826127,1.0152732962319897,-0.22776369502117078,0.7875096012108189,1.3116662244299029,-0.7735937874754963,0.5380724369544065
Qwen3-8B,relational_followups_update_v1:confirmatory:0028,1.6030228131279016,2.1224636399841277,1.0835819862716756,0.26779835162133114,0.2830899187778799,0.25250678446478236,0.9508836543522308,0.8060594226725772,1.0957078860318843,1.3352244615065705,-0.6830853027308996,0.6521391587756709,1.8393737212062478,-0.5229695038946973,1.3164042173115504,0.8310752018068932,-0.8432011015671019,-0.012125899760208725
Qwen3-8B,relational_followups_update_v1:confirmatory:0029,0.9567957853438998,1.1633045874249017,0.7502869832628978,0.5777960856725093,0.7866684582179442,0.3689237131270744,0.7341667264265204,1.5411569155007214,-0.07282346264768069,0.37899969967139047,-0.15637064075401108,0.22262905891737939,0.37663612920695755,-0.7544884572827772,-0.3778523280758197,0.3813632701358234,0.4417471757747551,0.8231104459105785
Qwen3-8B,relational_followups_update_v1:confirmatory:0030,1.0421867964878957,1.1671867137407235,0.9171868792350679,0.150667517127137,0.527959525377808,-0.226624491123534,0.3446791954415698,0.525370295460041,0.16398809542309856,0.8915192793607587,-0.19401167831443278,0.6975076010463259,0.6392271883629155,0.0025892299177669997,0.6418164182806825,1.143811370358602,-0.39061258654663256,0.7531987838119694
Qwen3-8B,relational_followups_update_v1:confirmatory:0031,1.6457503238542208,2.399044385122222,0.8924562625862196,0.5030317173542174,0.36875066869473017,0.6373127660137046,0.6737703423433294,0.2777750037475588,1.0697656809391,1.1427186065000035,-0.17073862498911208,0.9719799815108914,2.030293716427492,0.09097566494717135,2.1212693813746633,0.255143496572515,-0.4324529149253955,-0.1773094183528805
Qwen3-8B,relational_followups_update_v1:confirmatory:0032,1.2122368085577113,1.5801052249500982,0.8443683921653244,0.30231514516096425,0.8081908481329405,-0.203560557811012,0.8081601949793473,1.1949693674484916,0.42135102251020307,0.9099216633967471,-0.5058450498183831,0.404076613578364,0.7719143768171577,-0.3867785193155511,0.3851358575016066,1.0479289499763365,-0.6249115803212151,0.4230173696551214
Qwen3-8B,relational_followups_update_v1:confirmatory:0033,1.4517580520873015,1.2754825992841559,1.628033504890447,0.4039657279617366,0.5523812004107196,0.25555025551275357,0.9834972593338973,1.4330750716795473,0.5339194469882473,1.0477923241255649,-0.5795315313721607,0.46826079275340415,0.7231013988734363,-0.8806938712688277,-0.15759247239539143,1.3724832493776935,-0.27836919147549377,1.0941140579021997
Qwen3-8B,relational_followups_update_v1:confirmatory:0034,1.8548304934750037,1.7593114551002325,1.950349531849775,0.3709111678056982,0.5029832911920238,0.23883904441937265,1.103640648473023,0.7848323873310163,1.4224489096150297,1.4839193256693055,-0.7327294806673248,0.7511898450019807,1.2563281639082087,-0.28184909613899256,0.9744790677692161,1.7115104874304023,-1.183609865195657,0.5279006222347453
Qwen3-8B,relational_followups_update_v1:confirmatory:0035,1.5414055993729958,1.8625121559800375,1.2202990427659541,0.49330705938371633,0.2990561183128193,0.6875580004546133,0.6951354963050096,0.8195364996358734,0.5707344929741458,1.0480985399892795,-0.20182843692129326,0.8462701030679862,1.5634560376672182,-0.5204803813230541,1.0429756563441641,0.5327410423113408,0.11682350748046755,0.6495645497918083
Qwen3-8B,relational_followups_update_v1:confirmatory:0036,1.7797329339902075,1.9521819870357975,1.6072838809446175,1.2753031353025088,1.5128992571801527,1.037707013424865,1.3967396081812877,1.5256135934785409,1.2678656228840346,0.5044297986876987,-0.1214364728787789,0.38299332580891976,0.43928272985564476,-0.01271433629838814,0.4265683935572566,0.5695768675197526,-0.23015860945916966,0.3394182580605829
Qwen3-8B,relational_followups_update_v1:confirmatory:0037,0.9770899976544074,0.8611511890277468,1.093028806281068,0.5663370711239932,0.6712949183178365,0.46137922393014996,0.4574990226014908,0.915021733630824,-2.3688427842394333e-05,0.4107529265304142,0.10883804852250245,0.5195909750529166,0.1898562707099103,-0.24372681531298745,-0.053870544603077164,0.6316495823509181,0.46140291235799236,1.0930524947089104
Qwen3-8B,relational_followups_update_v1:confirmatory:0038,1.2021329141317283,1.3593560406145624,1.0449097876488942,0.9256518437710792,1.6054287588768505,0.2458749286653079,1.121178284690061,1.1350072710177668,1.1073492983623554,0.27648107036064906,-0.19552644091898186,0.0809546294416672,-0.24607271826228816,0.4704214878590838,0.22434876959679562,0.7990348589835863,-0.8614743696970475,-0.06243951071346121
Qwen3-8B,relational_followups_update_v1:confirmatory:0039,1.5706750325725332,2.074548848611962,1.0668012165331042,0.9747974441405423,1.1989438060870654,0.7506510821940191,1.000324604855825,1.3095641868415813,0.6910850228700687,0.5958775884319909,-0.025527160715282715,0.5703504277167082,0.8756050425248967,-0.11062038075451586,0.7649846617703808,0.3161501343390851,0.05956605932395043,0.37571619366303555
Qwen3-8B,relational_followups_update_v1:confirmatory:0040,1.4353600245503135,1.583175985321848,1.2875440637787792,0.6570541566585919,0.6906286991748871,0.6234796141422967,0.9224032418708248,1.34093347623371,0.5038730075079396,0.7783058678917216,-0.2653490852122329,0.5129567826794887,0.8925472861469608,-0.6503047770588228,0.24224250908813794,0.6640644496364825,0.11960660663435707,0.7836710562708395
Qwen3-8B,relational_followups_update_v1:confirmatory:0041,1.3150136406118684,1.709138765377646,0.9208885158460909,1.0079791227753017,1.4878752095216052,0.5280830360289981,0.34507245497166306,0.6716332131188087,0.018511696824517365,0.30703451783656677,0.6629066678036386,0.9699411856402054,0.22126355585604074,0.8162419964027965,1.0375055522588372,0.3928054798170928,0.5095713392044807,0.9023768190215735
Qwen3-8B,relational_followups_update_v1:confirmatory:0042,1.137068929290323,1.5756395819319096,0.6984982766487366,0.48138124276465444,0.38783806656794884,0.57492441896136,0.5196600965304783,0.9866981424735517,0.05262205058740488,0.6556876865256687,-0.03827885376582385,0.6174088327598448,1.1878015153639607,-0.5988600759056029,0.5889414394583579,0.12357385768737661,0.5223023683739552,0.6458762260613318
Qwen3-8B,relational_followups_update_v1:confirmatory:0043,1.5818505257391857,1.6235473072352704,1.540153744243101,0.43717506979052523,0.9529334802435594,-0.07858334066250894,0.7864416482831227,1.5079955757908747,0.06488772077537064,1.1446754559486605,-0.34926657849259746,0.795408877456063,0.670613826991711,-0.5550620955473153,0.11555173144439568,1.61873708490561,-0.14347106143787958,1.4752660234677304
Qwen3-8B,relational_followups_update_v1:confirmatory:0044,1.3347619427874275,1.8572510574464216,0.8122728281284335,1.0720509698595095,1.0937936247434052,1.0503083149756138,1.354744537640197,0.7876142044624972,1.9218748708178968,0.262710972927918,-0.28269356778068744,-0.01998259485276943,0.7634574327030164,0.30617942028090805,1.0696368529839244,-0.23803548684718034,-0.8715665558422829,-1.1096020426894633
Qwen3-8B,relational_followups_update_v1:confirmatory:0045,1.0857399859246426,1.8237598266851252,0.34772014516416005,0.4779385575973878,0.7904652118018083,0.1654119033929673,1.0938157147186987,1.0297616098096198,1.1578698196277775,0.6078014283272548,-0.6158771571213109,-0.008075728794056047,1.0332946148833169,-0.23929639800781155,0.7939982168755053,0.18230824177119276,-0.9924579162348102,-0.8101496744636174
Qwen3-8B,relational_followups_update_v1:confirmatory:0046,0.49202977199308906,0.763272691296538,0.22078685268964016,-0.1393757711106911,0.026246922232650682,-0.3049984644540329,0.614408172318905,0.8748012378192174,0.3540151068185926,0.6314055431037802,-0.7537839434295961,-0.12237840032581593,0.7370257690638873,-0.8485543155865667,-0.1115285465226794,0.525785317143673,-0.6590135712726255,-0.13322825412895245
Qwen3-8B,relational_followups_update_v1:confirmatory:0047,1.156326915437186,1.939909582238962,0.37274424863541,0.10104410656996898,0.1845070373884039,0.01758117575153406,0.5754279960627084,0.6695128180666403,0.4813431740587766,1.055282808867217,-0.47438388949273946,0.5808989193744776,1.7554025448505581,-0.4850057806782364,1.2703967641723217,0.35516307288387594,-0.4637619983072425,-0.10859892542336658
Qwen3-8B,relational_followups_update_v1:confirmatory:0048,1.2506895871207557,0.9371939572351184,1.564185217006393,-0.15014661391541062,-0.3555822619947251,0.05528903416390385,1.1952287645977901,1.5875552276580098,0.8029023015375705,1.4008362010361664,-1.3453753785132008,0.05546082252296558,1.2927762192298435,-1.943137489652735,-0.6503612704228914,1.5088961828424892,-0.7476132673736666,0.7612829154688225
Qwen3-8B,relational_followups_update_v1:confirmatory:0049,1.4918519103898005,2.02550705785141,0.9581967629281909,0.3054250263454321,0.2257752943780238,0.38507475831284044,0.7165127854083302,0.7233206509602894,0.709704919856371,1.1864268840443684,-0.4110877590628981,0.7753391249814703,1.7997317634733863,-0.4975453565822656,1.3021864068911206,0.5731220046153505,-0.3246301615435305,0.24849184307181993
Qwen3-8B,relational_followups_update_v1:confirmatory:0050,1.4208532161767145,1.732346648084337,1.1093597842690919,0.8470612234722967,1.0630732704652859,0.6310491764793076,0.552400359435131,0.24978465361099822,0.8550160652592638,0.5737919927044177,0.29466086403716574,0.8684528567415835,0.6692733776190511,0.8132886168542877,1.4825619944733388,0.4783106077897843,-0.22396688877995619,0.2543437190098281
Qwen3-8B,relational_followups_update_v1:confirmatory:0051,2.0836531482776968,1.7719013205062453,2.3954049760491483,0.8945932367623168,1.2280501414309528,0.5611363320936809,0.9522679542039634,1.7084986375032765,0.19603727090465028,1.18905991151538,-0.05767471744164654,1.1313851940737334,0.5438511790752925,-0.48044849607232365,0.06340268300296881,1.8342686439554674,0.36509906118903057,2.199367705144498
Qwen3-8B,relational_followups_update_v1:confirmatory:0052,2.0146642734302223,1.7906142820910276,2.238714264769417,0.8381735311986436,0.7822504420687899,0.8940966203284972,1.4033830660039146,1.0350404291060071,1.771725702901822,1.1764907422315787,-0.565209534805271,0.6112812074263076,1.0083638400222377,-0.2527899870372172,0.7555738529850204,1.3446176444409197,-0.8776290825733248,0.46698856186759485
Qwen3-8B,relational_followups_update_v1:confirmatory:0053,1.8029564566472898,2.053769026593188,1.5521438867013915,0.7451688501884246,0.8240212466731691,0.6663164537036801,0.6454176149223185,1.127961372642302,0.16287385720233516,1.0577876064588652,0.09975123526610608,1.1575388417249712,1.229747779920019,-0.3039401259691328,0.9258076539508862,0.8858274329977114,0.5034425965013449,1.3892700294990563
Qwen3-8B,relational_followups_update_v1:confirmatory:0054,1.6464590908214047,2.0250767706154322,1.2678414110273772,0.8522240763065931,0.6578081476340056,1.0466400049791806,1.3385224839997334,1.8444266184506715,0.8326183495487953,0.7942350145148116,-0.48629840769314026,0.30793660682167134,1.3672686229814266,-1.1866184708166658,0.18065015216476077,0.2212014060481966,0.21402165543038532,0.4352230614785819
Qwen3-8B,relational_followups_update_v1:confirmatory:0055,2.027553409694263,2.4439258019622363,1.61118101742629,0.8959156045310888,0.9523034834085822,0.8395277256535953,1.2314080320312977,1.1145962432411913,1.348219820821404,1.1316378051631744,-0.3354924275002089,0.7961453776629654,1.4916223185536541,-0.16229275983260916,1.329329558721045,0.7716532917726946,-0.5086920951678087,0.2629611966048859
Qwen3-8B,relational_followups_update_v1:confirmatory:0056,2.112180998348651,2.8211280703407997,1.403233926356502,0.8668013407672839,0.8590704754806335,0.8745322060539342,1.6030580392060165,1.5106909577571574,1.6954251206548756,1.245379657581367,-0.7362566984387326,0.5091229591426343,1.9620575948601662,-0.6516204822765239,1.3104371125836423,0.5287017203025677,-0.8208929146009414,-0.2921911942983737
Qwen3-8B,relational_followups_update_v1:confirmatory:0057,1.0591707034247837,1.3176472211962516,0.8006941856533158,0.5995519263445424,0.6317857482768368,0.567318104412248,1.1646139409097138,1.1055203387225152,1.2237075430969124,0.45961877708024135,-0.5650620145651715,-0.10544323748493012,0.6858614729194148,-0.47373459044567845,0.21212688247373634,0.2333760812410679,-0.6563894386846645,-0.4230133574435966
Qwen3-8B,relational_followups_update_v1:confirmatory:0058,1.3865230796813166,1.794626153919026,0.9784200054436072,1.0955693033255955,1.3961976531080404,0.7949409535431506,1.2013196813329567,1.1715356772380452,1.2311036854278683,0.29095377635572106,-0.1057503780073612,0.18520339834835986,0.3984285008109856,0.22466197586999526,0.6230904766809808,0.18347905190045655,-0.43616273188471766,-0.2526836799842611
Qwen3-8B,relational_followups_update_v1:confirmatory:0059,1.6559453585639838,1.778850132178876,1.5330405849490916,0.5516437501412681,0.9240381582854491,0.17924934199708709,1.3754655634943775,1.4587485068242865,1.2921826201644686,1.1043016084227157,-0.8238218133531094,0.2804797950696063,0.854811973893427,-0.5347103485388374,0.32010162535458964,1.3537912429520045,-1.1129332781673815,0.24085796478462296
Qwen3-8B,relational_followups_update_v1:confirmatory:0060,1.6556755693650644,1.5885111157705443,1.7228400229595846,1.172330773958077,1.0354902238995227,1.3091713240166314,1.2913733147913458,0.39143278773471346,2.191313841847978,0.4833447954069874,-0.1190425408332687,0.3643022545737187,0.5530208918710215,0.6440574361648093,1.1970783280358308,0.4136686989429532,-0.8821425178313467,-0.46847381888839346
Qwen3-8B,relational_followups_update_v1:confirmatory:0061,2.0343261415195015,2.4257000433037144,1.6429522397352887,0.7783176931704323,1.1021511220619042,0.4544842642789604,1.2893485438770753,1.1172772575192642,1.4614198302348864,1.2560084483490692,-0.511030850706643,0.7449775976424262,1.3235489212418101,-0.015126135457359968,1.3084227857844501,1.1884679754563283,-1.006935565955926,0.18153240950040228
Qwen3-8B,relational_followups_update_v1:confirmatory:0062,2.9603108478259195,3.4925799306025587,2.4280417650492803,1.1427427768278262,1.4536604194710305,0.8318251341846219,2.151536974164718,2.0499929002421498,2.253081048087286,1.8175680709980933,-1.0087941973368917,0.8087738736612016,2.038919511131528,-0.5963324807711192,1.442587030360409,1.5962166308646584,-1.4212559139026641,0.17496071696199422
Qwen3-8B,relational_followups_update_v1:confirmatory:0063,2.034125198666315,2.033091120795052,2.035159276537578,1.1943455874859854,1.3831459356966134,1.0055452392753574,1.2953967676090006,1.5116897052915927,1.0791038299264084,0.8397796111803295,-0.10105118012301517,0.7387284310573143,0.6499451850984386,-0.12854376959497937,0.5214014155034592,1.0296140372622204,-0.07355859065105097,0.9560554466111695
Qwen3-8B,relational_followups_update_v1:confirmatory:0064,1.0718664091901369,1.0941645904292256,1.049568227951048,0.868212501005619,0.7638162656807204,0.9726087363305176,1.492279895814466,1.1874793068629623,1.7970804847659698,0.2036539081845179,-0.6240673948088471,-0.4204134866243292,0.3303483247485053,-0.42366304118224196,-0.09331471643373668,0.0769594916205305,-0.8244717484354522,-0.7475122568149217
Qwen3-8B,relational_followups_update_v1:confirmatory:0065,1.7159358390057013,2.2029793069044326,1.2288923711069701,0.586053450809553,0.528720820423433,0.6433860811956729,0.7267868233535255,0.5506242699521922,0.9029493767548589,1.1298823881961484,-0.14073337254397256,0.9891490156521758,1.6742584864809995,-0.02190344952875911,1.6523550369522404,0.5855062899112973,-0.259563295559186,0.32594299435211127
Qwen3-8B,relational_followups_update_v1:confirmatory:0066,1.8339685526132834,1.953268423494647,1.7146686817319199,0.9472092032221529,1.3709943863847824,0.5234240200595233,0.8984773560157286,1.0478702341267887,0.7490844779046686,0.8867593493911305,0.048731847206424206,0.9354911965975548,0.5822740371098645,0.32312415225799374,0.9053981893678582,1.1912446616723966,-0.22566045784514532,0.9655842038272513
Qwen3-8B,relational_followups_update_v1:confirmatory:0067,1.3485884032588213,1.3926805339519808,1.304496272565662,0.9776709919719284,1.123991079386351,0.8313509045575058,1.398815463147983,1.6575636372948024,1.1400672890011636,0.37091741128689293,-0.4211444711760546,-0.05022705988916165,0.26868945456562976,-0.5335725579084514,-0.2648831033428216,0.4731453680081561,-0.3087163844436578,0.1644289835644983
Qwen3-8B,relational_followups_update_v1:confirmatory:0068,1.1188784898862134,1.1398302786286703,1.0979267011437566,0.7055832807281961,0.6625066226915965,0.7486599387647956,1.6603686275578982,1.3052582510491,2.0154790040666963,0.4132952091580173,-0.9547853468297021,-0.5414901376716847,0.4773236559370737,-0.6427516283575034,-0.16542797242042973,0.3492667623789609,-1.2668190653019007,-0.9175523029229398
Qwen3-8B,relational_followups_update_v1:confirmatory:0069,1.8969081917259825,2.046199197527205,1.74761718592476,0.9755982364706559,1.3493905472260264,0.6018059257152855,1.1971116655937961,1.0948471447489636,1.2993761864386286,0.9213099552553266,-0.2215134291231402,0.6997965261321863,0.6968086503011786,0.25454340247706275,0.9513520527782413,1.1458112602094745,-0.6975702607233432,0.4482409994861314
Qwen3-8B,relational_followups_update_v1:confirmatory:0070,1.4991644492504275,1.679354200900658,1.318974697600197,0.633231351994304,0.780632197928675,0.48583050605993305,1.3662700646578851,1.7990304844631142,0.9335096448526561,0.8659330972561234,-0.7330387126635811,0.13289438459254233,0.8987220029719829,-1.0183982865344392,-0.1196762835624563,0.833144191540264,-0.44767913879272303,0.38546505274754095
Qwen3-8B,relational_followups_update_v1:confirmatory:0071,1.6105493833341353,2.181998042841048,1.0391007238272225,0.509887558009964,1.101092498124439,-0.081317382104511,0.6168541419611384,0.5113334424040961,0.7223748415181808,1.1006618253241713,-0.10696658395117442,0.9936952413729969,1.0809055447166092,0.5897590557203429,1.670664600436952,1.1204181059317335,-0.8036922236226918,0.31672588230904175
Qwen3-8B,relational_followups_update_v1:confirmatory:0072,1.492106722162998,1.8264505266220166,1.1577629177039794,1.0403402950180665,1.2285729536918133,0.8521076363443196,1.074341840539205,1.322280423165699,0.8264032579127107,0.45176642714493154,-0.03400154552113843,0.4177648816237931,0.5978775729302033,-0.09370746947388575,0.5041701034563175,0.3056552813596598,0.025704378431608887,0.3313596597912687
Qwen3-8B,relational_followups_update_v1:confirmatory:0073,1.2129705345116215,0.986053524155837,1.439887544867406,0.45214333310849053,1.0190293718472843,-0.1147427056303032,0.4345239485225607,1.234679255977012,-0.36563135893189047,0.760827201403131,0.01761938458592982,0.7784465859890608,-0.032975847691447235,-0.21564988412972763,-0.24862573182117487,1.5546302504977092,0.25088865330158727,1.8055189037992965
Qwen3-8B,relational_followups_update_v1:confirmatory:0074,1.135312913417049,1.0121305908647944,1.2584952359693036,1.2129199597718054,1.2728814871122403,1.1529584324313706,0.5431238219838379,0.5875084555545387,0.49873918841313714,-0.07760704635475646,0.6697961377879675,0.5921890914332111,-0.26075089624744585,0.6853730315577016,0.4246221353102557,0.10553680353793293,0.6542192440182335,0.7597560475561664
Qwen3-8B,relational_followups_update_v1:confirmatory:0075,0.10702270202064534,0.3667631657737367,-0.152717761732446,-0.0828687342941048,0.40611127574657147,-0.5718487443347811,0.25879517670275876,0.6581752528362967,-0.14058489943077923,0.18989143631475014,-0.34166391099686355,-0.1517724746821134,-0.03934810997283478,-0.2520639770897253,-0.29141208706256005,0.41913098260233506,-0.4312638449040018,-0.01213286230166677
Qwen3-8B,relational_followups_update_v1:confirmatory:0076,1.4576435585700098,1.6080534701053093,1.3072336470347103,0.22338975839117792,0.44728849902466816,-0.000508982242312328,1.3719947107911628,1.2102256067968282,1.5337638147854973,1.234253800178832,-1.1486049523999848,0.08564884777884707,1.1607649710806411,-0.7629371077721601,0.3978278633084811,1.3077426292770227,-1.5342727970278096,-0.22653016775078694
Qwen3-8B,relational_followups_update_v1:confirmatory:0077,1.1171892928220006,1.2789511159338458,0.9554274697101555,0.20318463819216648,0.32861679428032264,0.07775248210401031,0.6084026568408398,0.5004764340331853,0.7163288796484943,0.9140046546298342,-0.40521801864867335,0.5087866359811608,0.9503343216535232,-0.17185963975286267,0.7784746819006605,0.8776749876061452,-0.638576397544484,0.23909859006166112
Qwen3-8B,relational_followups_update_v1:confirmatory:0078,1.5846908050411082,1.7901284052508073,1.379253204831409,0.9575676428721516,1.1465811175768783,0.7685541681674248,0.8857071135506989,1.1018298894587102,0.6695843376426875,0.6271231621689566,0.0718605293214527,0.6989836914904093,0.643547287673929,0.04475122811816812,0.6882985157920971,0.6106990366639842,0.09896983052473729,0.7096688671887215
Qwen3-8B,relational_followups_update_v1:confirmatory:0079,1.1567047250220197,1.4989404769421233,0.8144689731019161,0.6494004257720958,1.1136509323421926,0.18514991920199897,0.9171403567949516,0.9143862552614959,0.9198944583284074,0.5073042992499239,-0.26773993102285587,0.23956436822706806,0.3852895445999307,0.19926467708069673,0.5845542216806274,0.6293190538999172,-0.7347445391264085,-0.10542548522649131
Qwen3-8B,relational_followups_update_v1:confirmatory:0080,1.5963316671726235,2.4519156971284852,0.7407476372167618,0.8538555048673091,0.9811271590636972,0.726583850670921,1.2784101976715037,1.1171385919992813,1.439681803343726,0.7424761623053144,-0.42455469280419456,0.3179214695011199,1.470788538064788,-0.13601143293558415,1.334777105129204,0.014163786545840829,-0.713097952672805,-0.6989341661269641
Qwen3-8B,relational_followups_update_v1:confirmatory:0081,0.8838068595130708,1.0763020368387721,0.6913116821873695,0.5888144749027102,0.8865490647836687,0.29107988502175175,0.6959555770558885,0.808254116839799,0.583657037271978,0.2949923846103606,-0.10714110215317829,0.1878512824571823,0.18975297205510344,0.07829494794386971,0.26804791999897315,0.40023179716561774,-0.2925771522502263,0.10765464491539145
Qwen3-8B,relational_followups_update_v1:confirmatory:0082,1.6183394538727143,1.6001725995840497,1.6365063081613789,1.057194353220948,1.358156720094521,0.756231986347375,1.0752900680682287,1.6247798776242934,0.5258002585121639,0.5611451006517663,-0.018095714847280675,0.5430493858044856,0.24201587948952863,-0.2666231575297724,-0.024607278040243763,0.8802743218140039,0.23043172783521104,1.110706049649215
Qwen3-8B,relational_followups_update_v1:confirmatory:0083,1.3499812940129483,1.536089511368525,1.1638730766573717,0.49903455973988975,0.3551079834993911,0.6429611359803884,0.9340563681696463,1.029619481672623,0.8384932546666697,0.8509467342730586,-0.4350218084297566,0.415924925843302,1.1809815278691338,-0.6745114981732319,0.5064700296959019,0.5209119406769833,-0.1955321186862813,0.32537982199070203
Qwen3-8B,relational_followups_update_v1:confirmatory:0084,0.8099324523930045,0.5731455145318267,1.0467193902541823,0.7333934326255016,0.6048700493868013,0.8619168158642019,1.5151291236283129,1.7051949048764903,1.3250633423801355,0.07653901976750288,-0.7817356910028113,-0.7051966712353084,-0.03172453485497462,-1.100324855489689,-1.1320493903446636,0.18480257438998038,-0.4631465265159336,-0.2783439521259532
Qwen3-8B,relational_followups_update_v1:confirmatory:0085,1.5040159611250483,1.138918830482508,1.8691130917675887,0.5861939950703925,0.6445379199014298,0.5278500702393552,0.9586332739218106,0.815061465822315,1.1022050820213063,0.9178219660546558,-0.37243927885141814,0.5453826872032377,0.49438091058107814,-0.17052354592088514,0.323857364660193,1.3412630215282335,-0.5743550117819511,0.7669080097462824
Qwen3-8B,relational_followups_update_v1:confirmatory:0086,1.5603726827454283,1.7204559761291618,1.4002893893616948,0.9803316832435054,0.8552636560339639,1.1053997104530469,1.0864154521440987,1.0458805939052098,1.1269503103829877,0.5800409995019229,-0.10608376890059334,0.47395723060132955,0.8651923200951979,-0.1906169378712459,0.674575382223952,0.2948896789086479,-0.021550599929940795,0.27333907897870713
Qwen3-8B,relational_followups_update_v1:confirmatory:0087,1.538746753560031,1.6705674656266174,1.4069260414934446,1.2942313362366749,1.510653366035732,1.0778093064376177,1.8333780922544913,2.053277252556075,1.6134789319529075,0.24451541732335613,-0.5391467560178165,-0.29463133869446034,0.15991409959088543,-0.5426238865203432,-0.3827097869294578,0.32911673505582684,-0.5356696255152897,-0.2065528904594629
Qwen3-8B,relational_followups_update_v1:confirmatory:0088,0.7987735714878901,1.119391867190867,0.47815527578491324,0.5217566227739079,0.6136417056747074,0.42987153987310833,0.19215390588467818,0.4091778494190912,-0.024870037649734833,0.2770169487139822,0.3296027168892297,0.6066196656032119,0.5057501615161595,0.20446385625561625,0.7102140177717757,0.048283735911804904,0.45474157752284317,0.5030253134346481
Qwen3-8B,relational_followups_update_v1:confirmatory:0089,1.3127515068011615,1.5101119431356347,1.1153910704666883,0.8263960314638401,0.7972506518593918,0.8555414110682884,0.9375862561564856,1.1347221687831288,0.7404503435298424,0.4863554753373214,-0.1111902246926455,0.3751652506446759,0.7128612912762429,-0.337471516923737,0.37538977435250587,0.2598496593983999,0.115091067538446,0.3749407269368459
Qwen3-8B,relational_followups_update_v1:confirmatory:0090,1.7909613803441213,2.1123143715678694,1.4696083891203733,1.1651379002632551,1.4807133461908286,0.8495624543356817,0.9998292580320762,1.0479683487458606,0.9516901673182918,0.6258234800808662,0.16530864223117891,0.7911321223120451,0.6316010253770408,0.43274499744496797,1.0643460228220087,0.6200459347846916,-0.10212771298261014,0.5179182218020815
Qwen3-8B,relational_followups_update_v1:confirmatory:0091,1.5525420881479042,1.896428510709963,1.2086556655858454,0.6482388884410022,1.0251384840918822,0.27133929279012214,0.926324064132362,1.121028150937284,0.7316199773274401,0.904303199706902,-0.2780851756913598,0.6262180240155422,0.8712900266180807,-0.09588966684540168,0.7754003597726791,0.9373163727957232,-0.46028068453731796,0.47703568825840525
Qwen3-8B,relational_followups_update_v1:confirmatory:0092,1.4877090400544792,1.5445010003480952,1.4309170797608632,1.1486823373127524,1.780686144726375,0.5166785298991297,0.5917350340210983,0.14292447674205988,1.0405455913001367,0.33902670274172686,0.5569473032916541,0.895974006033381,-0.23618514437827987,1.6377616679843152,1.4015765236060354,0.9142385498617336,-0.523867061401007,0.39037148846072656
Qwen3-8B,relational_followups_update_v1:confirmatory:0093,1.8273496284212096,2.0290043181128308,1.6256949387295885,0.6531196625372353,0.5987624117254327,0.707476913349038,1.1525548455564714,0.7347731505590946,1.570336540553848,1.1742299658839743,-0.49943518301923606,0.6747947828647383,1.4302419063873981,-0.136010738833662,1.2942311675537361,0.9182180253805505,-0.8628596272048101,0.0553583981757404
Qwen3-8B,relational_followups_update_v1:confirmatory:0094,1.7806418147937135,2.6723788893343583,0.8889047402530688,0.9054729630647234,1.4972096157393082,0.3137363103901385,1.6456096311323418,1.6051176891623378,1.6861015731023459,0.8751688517289902,-0.7401366680676185,0.1350321836613717,1.17516927359505,-0.10790807342302955,1.0672612001720205,0.5751684298629303,-1.3723652627122074,-0.7971968328492771
Qwen3-8B,relational_followups_update_v1:confirmatory:0095,0.9798958828588271,1.1137001272316485,0.8460916384860058,0.7577189851867163,0.9648470993289298,0.5505908710445029,0.6767698662179811,0.5762954887785563,0.7772442436574059,0.2221768976721108,0.08094911896873525,0.30312601664084604,0.1488530279027187,0.38855161055037346,0.5374046384530922,0.2955007674415029,-0.22665337261290297,0.06884739482859992
Gemma 3 4B,relational_followups_update_v1:confirmatory:0000,1.1697752330894495,1.877866036890918,0.46168442928798115,1.8625766110217965,1.621718724825385,2.103434497218208,0.38938434188316107,0.6662275732365845,0.11254111052973759,-0.692801377932347,1.4731922691386354,0.7803908912062885,0.2561473120655329,0.9554911515888005,1.2116384636543334,-1.6417500679302268,1.9908933866884704,0.34914331875824356
Gemma 3 4B,relational_followups_update_v1:confirmatory:0001,0.63737774983576,0.8491635633417038,0.4255919363298162,1.401806904608872,1.5734689973628422,1.2301448118549017,0.6323097832507982,0.3651439406761092,0.8994756258254872,-0.7644291547731119,0.7694971213580737,0.0050679665849617805,-0.7243054340211383,1.208325056686733,0.4840196226655946,-0.8045528755250855,0.3306691860294144,-0.47388368949567106
Gemma 3 4B,relational_followups_update_v1:confirmatory:0002,0.9112826742664057,1.799403299135271,0.023162049397540407,1.1835001993345142,0.7662420316529506,1.6007583670160779,0.6855772364017385,0.8186462003958983,0.5525082724075787,-0.2722175250681085,0.4979229629327757,0.22570543786466724,1.0331612674823205,-0.05240416874294773,0.9807570987393728,-1.5775963176185375,1.0482500946084992,-0.5293462230100383
Gemma 3 4B,relational_followups_update_v1:confirmatory:0003,0.6122888784218721,1.050404836622116,0.17417292022162822,1.1100529337375602,0.9604556779707414,1.259650189504379,0.37123635859911985,0.5776806755005488,0.1647920416976909,-0.4977640553156881,0.7388165751384403,0.24105251982275222,0.08994915865137454,0.3827750024701926,0.4727241611215671,-1.0854772692827508,1.094858147806688,0.00938087852393732
Gemma 3 4B,relational_followups_update_v1:confirmatory:0004,0.19257118372151893,0.0201926342700256,0.36494973317301227,0.23252289516357338,-0.12545979997882029,0.590505590305967,0.4812562946637877,0.6497720385918955,0.31274055073567997,-0.03995171144205445,-0.24873339950021434,-0.2886851109422688,0.14565243424884589,-0.7752318385707158,-0.6295794043218699,-0.22555585713295478,0.2777650395702871,0.0522091824373323
Gemma 3 4B,relational_followups_update_v1:confirmatory:0005,0.01964735704689602,-0.4494591593924051,0.48875387348619714,0.2271657954590589,0.7569588717931213,-0.30262728087500346,0.5839930443211827,0.6016297865679183,0.5663563020744471,-0.2075184384121629,-0.3568272488621238,-0.5643456872742867,-1.2064180311855264,0.15532908522520295,-1.0510889459603234,0.7913811543612006,-0.8689835829494506,-0.07760242858824995
Gemma 3 4B,relational_followups_update_v1:confirmatory:0006,0.7928883883325479,0.3866781700633055,1.1990986066017904,0.8985734095702385,0.2924592738552674,1.5046875452852095,0.06285159707631482,-0.15681651432400923,0.2825197084766389,-0.10568502123769052,0.8357218124939236,0.7300367912562331,0.09421889620803814,0.4492757881792766,0.5434946843873147,-0.3055889386834192,1.2221678368085707,0.9165788981251515
Gemma 3 4B,relational_followups_update_v1:confirmatory:0007,0.6633213369713453,0.6348611292393143,0.6917815447033764,0.39480910043820217,-0.06554214236334577,0.8551603432397501,0.19481683002747374,-0.22887070566181755,0.618504365716765,0.26851223653314316,0.19999227041072842,0.4685045069438716,0.70040327160266,0.16332856329847179,0.8637318349011318,-0.16337879853637371,0.23665597752298506,0.07327717898661135
Gemma 3 4B,relational_followups_update_v1:confirmatory:0008,0.7554631699488357,1.6841673630334286,-0.1732410231357573,0.13028886081884128,0.2598255289851732,0.0007521926525093647,0.008429593380077094,0.2600463112189022,-0.24318712445874802,0.6251743091299944,0.12185926743876418,0.7470335765687586,1.4243418340482554,-0.00022078223372901107,1.4241210518145264,-0.17399321578826665,0.24393931711125738,0.06994610132299073
Gemma 3 4B,relational_followups_update_v1:confirmatory:0009,0.9056062801672282,1.9531116473191723,-0.14189908698471587,0.6941510367634711,0.9713533996761212,0.416948673850821,1.2497036735069225,2.0130795274132947,0.48632781960055027,0.2114552434037571,-0.5555526367434513,-0.34409739333969425,0.9817582476430511,-1.0417261277371734,-0.05996788009412235,-0.5588477608355369,-0.06937914574972925,-0.6282269065852661
Gemma 3 4B,relational_followups_update_v1:confirmatory:0010,1.141311614103104,1.6133017474523972,0.669321480753811,1.297081338836929,1.779304252314443,0.8148584253594153,1.275234081827541,1.8838411646324715,0.6666269990226104,-0.155769724733825,0.021847257009388166,-0.13392246772443683,-0.1660025048620457,-0.10453691231802864,-0.27053941718007435,-0.1455369446056043,0.14823142633680497,0.002694481731200682
Gemma 3 4B,relational_followups_update_v1:confirmatory:0011,1.4167296967978475,1.4578259162455058,1.3756334773501893,1.0281999138643205,0.7147936001842137,1.3416062275444274,0.7894006955449524,0.5277120674282116,1.0510893236616932,0.388529782933527,0.23879921831936812,0.6273290012528951,0.7430323160612922,0.18708153275600203,0.9301138488172942,0.03402724980576188,0.2905169038827342,0.3245441536884961
Gemma 3 4B,relational_followups_update_v1:confirmatory:0012,0.6007310846547762,1.405982578479744,-0.20452040917019154,0.3238712376498123,1.01466602480654,-0.3669235495069154,0.06296941146386281,0.1529932846149089,-0.027054461687183284,0.2768598470049639,0.2609018261859495,0.5377616731909134,0.39131655367320395,0.8616727401916311,1.252989293864835,0.16240314033672387,-0.33986908781973213,-0.17746594748300826
Gemma 3 4B,relational_followups_update_v1:confirmatory:0013,0.5095398186519535,1.284259204459354,-0.2651795671554469,0.9227780124831049,0.9164076231070828,0.929148401859127,0.583679854385168,1.4052388893412688,-0.23787918057093282,-0.41323819383115135,0.33909815809793686,-0.07414003573321448,0.36785158135227114,-0.48883126623418605,-0.1209796848819149,-1.1943279690145738,1.1670275824300598,-0.027300386584514058
Gemma 3 4B,relational_followups_update_v1:confirmatory:0014,1.3584164174508695,1.631097692927761,1.085735141973978,0.7124818472939709,0.5722590366567051,0.8527046579312367,0.3549147366174856,0.31213146148521353,0.3976980117497577,0.6459345701568986,0.3575671106764853,1.0035016808333839,1.058838656271056,0.26012757517149154,1.3189662314425474,0.2330304840427413,0.455006646181479,0.6880371302242203
Gemma 3 4B,relational_followups_update_v1:confirmatory:0015,1.0478761767364082,1.5515281589141336,0.5442241945586828,0.5004817232061218,1.232865446783408,-0.23190200037116426,0.4993135240992985,0.7656906860844499,0.23293636211414714,0.5473944535302864,0.0011681991068233089,0.5485626526371097,0.3186627121307257,0.467174760698958,0.7858374728296837,0.776126194929847,-0.4648383624853114,0.3112878324445356
Gemma 3 4B,relational_followups_update_v1:confirmatory:0016,1.3730608815320449,1.7476701643017334,0.9984515987623563,1.1344173887720892,1.6177739493719034,0.651060828172275,1.29159289612284,1.6819691614866272,0.9012166307590528,0.23864349275995567,-0.1571755073507508,0.08146798540920486,0.12989621492982995,-0.06419521211472379,0.06570100281510616,0.3473907705900814,-0.25015580258677783,0.09723496800330356
Gemma 3 4B,relational_followups_update_v1:confirmatory:0017,0.5558692910202634,0.6260854786469441,0.4856531033935827,0.6394096004167604,1.076206182561613,0.20261301827190792,0.15193139372860642,0.3400864596560025,-0.036223672198789636,-0.08354030939649704,0.487478206688154,0.40393789729165697,-0.45012070391466885,0.7361197229056105,0.2859990189909416,0.2830400851216748,0.23883669047069755,0.5218767755923723
Gemma 3 4B,relational_followups_update_v1:confirmatory:0018,0.967922945976003,0.8879498475350074,1.0478960444169987,1.1893243157319273,1.3219445793281155,1.0567040521357391,0.24374044571192366,0.5326458724517416,-0.045164981027894235,-0.22140136975592428,0.9455838700200037,0.7241825002640794,-0.4339947317931081,0.7892987068763739,0.35530397508326583,-0.008808007718740463,1.1018690331636334,1.093061025444893
Gemma 3 4B,relational_followups_update_v1:confirmatory:0019,1.485123312083343,1.6665333076385718,1.303713316528114,1.1243813665375648,0.8328468765288859,1.4159158565462437,1.2793866513985463,0.9083057701211539,1.6504675326759388,0.3607419455457781,-0.15500528486098153,0.20573666068479657,0.8336864311096859,-0.07545889359226798,0.7582275375174179,-0.11220254001812968,-0.23455167612969507,-0.34675421614782476
Gemma 3 4B,relational_followups_update_v1:confirmatory:0020,0.07135797264543742,0.048115394474846696,0.09460055081602814,1.1205992813817804,1.0431767658579174,1.1980217969056435,-0.09772766232084651,-0.4326514021491725,0.2371960775074795,-1.049241308736343,1.218326943702627,0.16908563496628393,-0.9950613713830707,1.47582816800709,0.4807667966240192,-1.1034212460896153,0.960825719398164,-0.14259552669145137
Gemma 3 4B,relational_followups_update_v1:confirmatory:0021,0.15490868423161874,0.20769005563442722,0.10212731282881027,0.5877544915489104,0.8752548320001887,0.300254151097632,0.1123991190802971,0.19822197117228946,0.02657626698830473,-0.4328458073172916,0.47535537246861326,0.04250956515132165,-0.6675647763657615,0.6770328608278993,0.00946808446213776,-0.19812683826882171,0.27367788410932725,0.07555104584050554
Gemma 3 4B,relational_followups_update_v1:confirmatory:0022,0.18587311258206451,0.51715999772407,-0.14541377255994092,0.6562714582886211,0.40029680833307246,0.9122461082441697,0.09323061628706197,-0.25571588527550837,0.4421771178496323,-0.4703983457065566,0.5630408420015591,0.09264249629500254,0.11686318939099749,0.6560126936085808,0.7728758829995783,-1.0576598808041107,0.4700689903945374,-0.5875908904095732
Gemma 3 4B,relational_followups_update_v1:confirmatory:0023,0.40844299583406896,0.02476951755792811,0.7921164741102098,0.8382344156395125,0.3190325726238532,1.3574362586551718,0.6848269458199407,1.2550112794827823,0.11464261215709914,-0.42979141980544355,0.15340746981957176,-0.2763839499858718,-0.2942630550659251,-0.9359787068589291,-1.2302417619248542,-0.565319784544962,1.2427936464980727,0.6774738619531107
Gemma 3 4B,relational_followups_update_v1:confirmatory:0024,1.1279339955867784,1.6889059121935492,0.5669620789800076,1.6443095584615524,1.690828620433738,1.5977904964893668,0.6392037255214964,0.7010204863277005,0.5773869647152923,-0.5163755628747739,1.005105832940056,0.488730270065282,-0.0019227082401886975,0.9898081341060374,0.9878854258658487,-1.0308284175093592,1.0204035317740745,-0.010424885735284661
Gemma 3 4B,relational_followups_update_v1:confirmatory:0025,1.2090227820697281,1.8139096120156095,0.6041359521238467,0.615756174845346,1.5338484949521272,-0.30233614526143526,0.5771366300347491,0.8424606000605861,0.31181266000891217,0.5932666072243822,0.03861954481059682,0.631886152034979,0.28006111706348236,0.6913878948915411,0.9714490119550234,0.906472097385282,-0.6141488052703474,0.2923232921149346
Gemma 3 4B,relational_followups_update_v1:confirmatory:0026,1.0362068195388077,0.9876511214484562,1.084762517629159,1.7265877720951566,1.7981030355352576,1.6550725086550555,2.0544970252286947,1.406984350020978,2.7020097004364114,-0.6903809525563489,-0.32790925313353814,-1.018290205689887,-0.8104519140868014,0.39111868551427964,-0.41933322857252175,-0.5703099910258964,-1.046937191781356,-1.6172471828072523
Gemma 3 4B,relational_followups_update_v1:confirmatory:0027,0.7955660299825844,0.8539806887222108,0.737151371242958,2.176547453032273,2.099335802270808,2.2537591037937377,0.9758567169988388,0.3642450894207174,1.5874683445769602,-1.3809814230496884,1.200690736033434,-0.1802906870162544,-1.2453551135485972,1.7350907128500905,0.48973559930149335,-1.5166077325507796,0.6662907592167775,-0.8503169733340021
Gemma 3 4B,relational_followups_update_v1:confirmatory:0028,0.17131311367955782,0.599268116365355,-0.2566418890062394,0.4774588110794724,0.27759546140080626,0.6773221607581386,0.042049488286975745,0.45553564210574216,-0.37143666553179067,-0.3061456973999146,0.43540932279249667,0.12926362539258207,0.3216726549645488,-0.1779401807049359,0.14373247425961289,-0.933964049764378,1.0487588262899292,0.11479477652555126
Gemma 3 4B,relational_followups_update_v1:confirmatory:0029,0.7430689591394093,0.7462858725978379,0.7398520456809807,0.8138752622690566,0.6745668341331115,0.9531836904050017,1.0588071943824997,1.2181485648629886,0.8994658239020108,-0.07080630312964731,-0.2449319321134431,-0.3157382352430904,0.07171903846472638,-0.5435817307298771,-0.47186269226515076,-0.213331644724021,0.05371786650299093,-0.15961377822103007
Gemma 3 4B,relational_followups_update_v1:confirmatory:0030,0.5691696960656687,0.07637025120788277,1.0619691409234546,0.2614234251116483,0.7198234574965259,-0.1969766072732293,0.8629503917104424,0.7695987162409166,0.9563020671799682,0.3077462709540204,-0.6015269665987941,-0.2937806956447737,-0.6434532062886431,-0.049775258744390705,-0.6932284650330338,1.258945748196684,-1.1532786744531975,0.10566707374348638
Gemma 3 4B,relational_followups_update_v1:confirmatory:0031,0.6720248562065194,1.4537284745007621,-0.10967876208772331,0.6425039547566374,-0.0685951213098619,1.3536030308231366,0.22955237507032233,-0.460289272850094,0.9193940229907387,0.029520901449882064,0.412951579686315,0.4424724811361971,1.522323595810624,0.3916941515402321,1.9140177473508562,-1.46328179291086,0.4342090078323979,-1.029072785078462
Gemma 3 4B,relational_followups_update_v1:confirmatory:0032,0.7886769612206899,0.898309692106654,0.6790442303347257,1.122434451830523,1.695813520216749,0.5490553834442968,0.7715979743512711,1.3877451374749308,0.1554508112276114,-0.33375749060983306,0.35083647747925184,0.017078986869418777,-0.797503828110095,0.30806838274181825,-0.48943544536827677,0.1299888468904289,0.39360457221668543,0.5235934191071143
Gemma 3 4B,relational_followups_update_v1:confirmatory:0033,0.7458297215675369,0.9272947281686532,0.5643647149664206,0.18675605403565587,0.2230158602852823,0.15049624778602944,0.3698416248433021,0.44783088878415267,0.2918523609024515,0.559073667531881,-0.1830855708076462,0.37598809672423483,0.7042788678833709,-0.22481502849887036,0.47946383938450055,0.41386846718039116,-0.14135611311642204,0.2725123540639691
Gemma 3 4B,relational_followups_update_v1:confirmatory:0034,0.444803869801941,0.8101412900558618,0.07946644954802018,0.5502690894823146,0.7027698648249823,0.39776831413964686,0.398797619228056,0.5898590213231687,0.20773621713294332,-0.10546521968037359,0.15147147025425856,0.046006250573884966,0.1073714252308795,0.11291084350181357,0.22028226873269308,-0.3183018645916267,0.19003209700670354,-0.12826976758492314
Gemma 3 4B,relational_followups_update_v1:confirmatory:0035,0.94064436978605,1.7186407370576795,0.16264800251442058,0.9134156266657718,1.4229228826342997,0.40390837069724395,0.7378994870713906,0.5128491048484962,0.962949869294285,0.02722874312027823,0.17551613959438117,0.2027448827146594,0.29571785442337983,0.9100737777858035,1.2057916322091833,-0.24126036818282337,-0.5590414985970411,-0.8003018667798645
Gemma 3 4B,relational_followups_update_v1:confirmatory:0036,0.7133408666784273,1.483990203184387,-0.05730846982753235,0.7385796550610091,1.4284270707294695,0.04873223939254867,0.6381048619441336,1.0682976295919184,0.20791209429634883,-0.025238788382581756,0.10047479311687546,0.0752360047342937,0.05556313245491751,0.3601294411375511,0.4156925735924686,-0.10604070922008102,-0.15917985490380016,-0.2652205641238812
Gemma 3 4B,relational_followups_update_v1:confirmatory:0037,0.759069754468126,1.440721273675769,0.07741823526048286,0.28629903614315966,0.1807884650171383,0.391809607269181,1.213157361821612,1.490814923854213,0.9354997997890111,0.4727707183249663,-0.9268583256784524,-0.4540876073534861,1.2599328086586308,-1.3100264588370747,-0.050093650178443916,-0.31439137200869816,-0.5436901925198301,-0.8580815645285282
Gemma 3 4B,relational_followups_update_v1:confirmatory:0038,0.15821078347156226,0.4086303247029299,-0.09220875775980542,0.3364379047066044,0.37284289628463085,0.30003291312857794,0.22396761707313972,-0.2798202594454473,0.7277554935917268,-0.17822712123504214,0.11247028763346467,-0.06575683360157747,0.03578742841829907,0.6526631557300782,0.6884505841483772,-0.39224167088838335,-0.4277225804631488,-0.8199642513515322
Gemma 3 4B,relational_followups_update_v1:confirmatory:0039,0.4252750279134654,0.9000245619232201,-0.04947450609628934,0.6323680857295764,0.7327639240945452,0.5319722473646076,0.1990822851756553,0.6242448839291184,-0.22608031357780778,-0.20709305781611098,0.4332858005539211,0.2261927427378101,0.16726063782867495,0.1085190401654268,0.27577967799410175,-0.5814467534608969,0.7580525609424154,0.17660580748151844
Gemma 3 4B,relational_followups_update_v1:confirmatory:0040,1.123148792788955,1.545338236131511,0.700959349446399,0.5056903810382853,0.6401539773353955,0.3712267847411752,0.4301015227702476,0.5670375734156394,0.2931654721248558,0.6174584117506696,0.07558885826803774,0.6930472700187074,0.9051842587961154,0.07311640391975605,0.9783006627158715,0.32973256470522383,0.07806131261631943,0.40779387732154326
Gemma 3 4B,relational_followups_update_v1:confirmatory:0041,0.980428212620037,1.510706729024795,0.4501496962152789,-0.3871801762460838,-0.6798309190547345,-0.09452943343743314,0.5523333687046588,0.6751185908153507,0.4295481465939668,1.3676083888661208,-0.9395135449507426,0.4280948439153782,2.1905376480795296,-1.3549495098700852,0.8355881382094443,0.544679129652712,-0.5240775800313999,0.02060154962131211
Gemma 3 4B,relational_followups_update_v1:confirmatory:0042,0.7445676179397589,1.307885963287191,0.1812492725923267,0.7186256827552029,0.8817628488812845,0.5554885166291212,0.9673468015674347,1.1821013894266121,0.7525922137082572,0.02594193518455601,-0.2487211188122318,-0.2227791836276758,0.42612311440590656,-0.3003385405453276,0.12578457386057895,-0.37423924403679454,-0.197103697079136,-0.5713429411159305
Gemma 3 4B,relational_followups_update_v1:confirmatory:0043,1.8511687198765903,1.857412253926328,1.8449251858268525,1.6369125435933976,1.8764260303520528,1.3973990568347423,1.6553257182525485,1.8146338166218294,1.4960176198832675,0.2142561762831927,-0.018413174659150933,0.19584300162404178,-0.01901377642572477,0.061792213730223366,0.042778437304498595,0.4475261289921102,-0.09861856304852523,0.34890756594358496
Gemma 3 4B,relational_followups_update_v1:confirmatory:0044,0.8064727624753218,1.2880511378708022,0.32489438707984153,0.8386429485603981,1.1063306954814958,0.5709552016393005,0.7686170856290566,0.3873854749374752,1.149848696320638,-0.03217018608507627,0.0700258629313415,0.03785567684626523,0.1817204423893064,0.7189452205440205,0.900665662933327,-0.24606081455945894,-0.5788934946813376,-0.8249543092407965
Gemma 3 4B,relational_followups_update_v1:confirmatory:0045,1.1812416933649614,1.5528037981365364,0.8096795885933865,0.4883698388694362,0.21423789171409524,0.7625017860247771,0.9796783145445982,1.0200600469851508,0.9392965821040455,0.6928718544955252,-0.491308475675162,0.20156337882036324,1.338565906422441,-0.8058221552710556,0.5327437511513855,0.04717780256860937,-0.1767947960792684,-0.12961699351065903
Gemma 3 4B,relational_followups_update_v1:confirmatory:0046,0.6751012727726269,0.9745467112257078,0.37565583431954597,0.6049778734262037,0.6150968857578922,0.5948588610945151,1.0332019484395838,1.2052211943503481,0.8611827025288195,0.0701233993464232,-0.4282240750133801,-0.3581006756669569,0.35944982546781556,-0.5901243085924559,-0.23067448312464034,-0.21920302677496917,-0.2663238414343043,-0.4855268682092735
Gemma 3 4B,relational_followups_update_v1:confirmatory:0047,0.047491170091485735,-0.17095769019616824,0.2659400303791397,0.6078306383833842,1.016781718709626,0.19887955805714252,0.6299413410836063,0.41171417308094593,0.8481685090862667,-0.5603394682918985,-0.022110702700222085,-0.5824501709921206,-1.1877394089057942,0.60506754562868,-0.5826718632771142,0.06706047232199719,-0.6492889510291242,-0.582228478707127
Gemma 3 4B,relational_followups_update_v1:confirmatory:0048,0.8489739113287653,1.1536637080369152,0.5442841146206154,0.8757748943509234,0.8652958877946562,0.8862539009071906,0.6263164887419261,1.1829241736039435,0.06970880387990874,-0.026800983022158054,0.24945840560899724,0.22265742258683918,0.28836782024225904,-0.31762828580928737,-0.029260465567028326,-0.34196978628657515,0.8165450970272818,0.4745753107407067
Gemma 3 4B,relational_followups_update_v1:confirmatory:0049,1.4932482373927214,2.1615128244449533,0.8249836503404895,0.5069611301906574,0.6641702597482322,0.34975200063308254,1.200465844509706,1.7142756568029842,0.6866560322164279,0.986287107202064,-0.6935047143190487,0.29278239288301533,1.4973425646967211,-1.050105397054752,0.4472371676419691,0.47523164970740694,-0.33690403158334536,0.13832761812406158
Gemma 3 4B,relational_followups_update_v1:confirmatory:0050,0.7939704596714501,1.5068532848980185,0.08108763444488165,-0.038484834840988746,0.30620835300108773,-0.3831780226830652,0.27462537814587407,0.39021891166415656,0.15903184462759157,0.8324552945124388,-0.3131102129868628,0.519345081525576,1.2006449318969308,-0.08401055866306884,1.116634373233862,0.4642656571279469,-0.5422098673106568,-0.07794421018270992
Gemma 3 4B,relational_followups_update_v1:confirmatory:0051,0.5256188797405539,0.3488272266027508,0.702410532878357,0.2683721220161934,-0.23831015224893903,0.7750543962813259,0.48109892229070983,0.6400430337283645,0.3221548108530552,0.25724675772436045,-0.2127268002745164,0.04451995744984405,0.5871373788516898,-0.8783531859773035,-0.2912158071256137,-0.07264386340296891,0.4528995854282707,0.3802557220253018
Gemma 3 4B,relational_followups_update_v1:confirmatory:0052,0.5509776535410209,0.27508310851213125,0.8268721985699106,0.2943813430907718,-0.0051469184581440786,0.5939096046396877,0.4271453449683471,0.3197922249991141,0.5344984649375801,0.2565963104502491,-0.1327640018775753,0.1238323085726738,0.2802300269702753,-0.32493914345725816,-0.044709116486982836,0.2329625939302229,0.05941113970210754,0.29237373363233043
Gemma 3 4B,relational_followups_update_v1:confirmatory:0053,0.3984688353078458,0.8432876194791907,-0.04634994886349908,-0.09447542613228554,0.4563141880399497,-0.6452650403045208,-0.02868276928716673,-0.7038406744259449,0.6464751358516114,0.49294426144013137,-0.06579265684511881,0.42715160459501256,0.386973431439241,1.1601548624658946,1.5471282939051356,0.5989150914410217,-1.2917401761561322,-0.6928250847151105
Gemma 3 4B,relational_followups_update_v1:confirmatory:0054,1.0216875021621492,1.3529145147974724,0.690460489526826,1.3135097698052576,1.5397699515080046,1.0872495881025106,1.2867895702609706,1.03911372217574,1.5344654183462012,-0.29182226764310837,0.02672019954428695,-0.2651020680988214,-0.18685543671053217,0.5006562293322645,0.3138007926217323,-0.39678909857568456,-0.4472158302436906,-0.8440049288193752
Gemma 3 4B,relational_followups_update_v1:confirmatory:0055,1.2610887434836113,2.695595611498534,-0.17341812453131134,0.7387306367260238,1.0205511234708684,0.4569101499811792,1.4114555140742189,1.8555628077791626,0.9673482203692751,0.5223581067575875,-0.6727248773481951,-0.15036677059060755,1.6750444880276656,-0.8350116843082942,0.8400328037193714,-0.6303282745124905,-0.510438070388096,-1.1407663449005865
Gemma 3 4B,relational_followups_update_v1:confirmatory:0056,0.34480879590032965,0.19493373012113935,0.49468386167951994,-0.39272411745279046,-0.6684501692766158,-0.11699806562896509,0.2888868154085533,-0.3754943923622429,0.9532680231793496,0.7375329133531201,-0.6816109328613438,0.055921980491776324,0.8633838993977552,-0.2929557769143729,0.5704281224833823,0.611681927308485,-1.0702660888083146,-0.4585841614998296
Gemma 3 4B,relational_followups_update_v1:confirmatory:0057,0.579051501855854,0.6761664379917534,0.4819365657199546,0.2613685400642396,0.13618408788898861,0.3865529922394906,0.6926592547804611,0.5570726205643135,0.8282458889966087,0.31768296179161437,-0.4312907147162215,-0.11360775292460712,0.5399823501027647,-0.4208885326753249,0.11909381742743985,0.095383573480464,-0.4416928967571181,-0.3463093232766541
Gemma 3 4B,relational_followups_update_v1:confirmatory:0058,1.8939271566994287,1.6284161139389584,2.159438199459899,1.7114402009713747,1.8936446401946112,1.5292357617481382,1.5757889880467242,2.0173722726511656,1.1342057034422828,0.18248695572805396,0.13565121292465054,0.3181381686527045,-0.26522852625565285,-0.12372763245655438,-0.38895615871220723,0.6302024377117608,0.39503005830585547,1.0252324960176162
Gemma 3 4B,relational_followups_update_v1:confirmatory:0059,1.4624317053731115,1.922479426984177,1.002383983762046,0.9204575614209862,0.9577605569646606,0.8831545658773119,0.8584688489010015,0.7877061028922072,0.9292315949097958,0.5419741439521253,0.06198871251998472,0.60396285647211,0.9647188700195164,0.17005445407245334,1.1347733240919697,0.11922941788473418,-0.046077029032483896,0.07315238885225028
Gemma 3 4B,relational_followups_update_v1:confirmatory:0060,0.9205156634559739,1.569142843080913,0.2718884838310349,1.120312514605308,1.8622707299140284,0.37835429929658737,0.8548658489816034,2.1762357646720893,-0.46650406670888245,-0.199796851149334,0.26544666562370445,0.06564981447437046,-0.2931278868331155,-0.3139650347580609,-0.6070929215911764,-0.10646581546555245,0.8448583660054698,0.7383925505399174
Gemma 3 4B,relational_followups_update_v1:confirmatory:0061,0.35576834663325085,0.9370350219257872,-0.22549832865928554,0.28466463440469036,0.38560421863774685,0.18372505017163387,1.5278231676363414,2.2359037234990424,0.8197426117736404,0.07110371222856049,-1.243158533231651,-1.1720548210030906,0.5514308032880404,-1.8502995048612956,-1.2988687015732552,-0.4092233788309194,-0.6360175616020065,-1.045240940432926
Gemma 3 4B,relational_followups_update_v1:confirmatory:0062,0.41192319963632285,0.4425102635705871,0.3813361357020586,0.896114797194234,0.6464832929742732,1.1457463014141949,1.3389751022882375,1.7393445576151327,0.9386056469613422,-0.4841915975579112,-0.4428603050940034,-0.9270519026519146,-0.2039730294036861,-1.0928612646408595,-1.2968342940445456,-0.7644101657121363,0.20714065445285268,-0.5572695112592836
Gemma 3 4B,relational_followups_update_v1:confirmatory:0063,0.7278533986937477,0.9767815428673141,0.4789252545201812,0.9588368165031427,1.1126816405403375,0.8049919924659479,1.4662861107993068,1.3206813918180496,1.611890829780564,-0.23098341780939502,-0.5074492942961641,-0.7384327121055592,-0.13590009767302336,-0.20799975127771209,-0.34389984895073544,-0.3260667379457667,-0.8068988373146162,-1.1329655752603829
Gemma 3 4B,relational_followups_update_v1:confirmatory:0064,0.9551858302647038,1.112421828053625,0.7979498324757826,0.6992095698849137,0.4734427723889212,0.9249763673809062,0.9085898616677079,0.752412719553532,1.064767003781884,0.25597626037979015,-0.20938029178279427,0.046595968596995885,0.6389790556647039,-0.27896994716461077,0.36000910850009316,-0.1270265349051236,-0.13979063640097777,-0.2668171713061014
Gemma 3 4B,relational_followups_update_v1:confirmatory:0065,0.781599715684949,1.4004648572337262,0.16273457413617187,0.3700684323045489,0.28924315173537973,0.45089371287371804,0.5570752870347491,0.7403990101259428,0.37375156394355535,0.4115312833804001,-0.18700685473020018,0.22452442865019995,1.1112217054983464,-0.45115585839056305,0.6600658471077834,-0.28815913873754617,0.07714214893016269,-0.21101698980738348
Gemma 3 4B,relational_followups_update_v1:confirmatory:0066,0.7279493170758566,1.042015300732802,0.41388333341891137,0.018853033064381686,0.5263078944328252,-0.48860182830406185,-0.21295266078932729,-0.05308461309799073,-0.37282070848066384,0.709096284011475,0.23180569385370897,0.9409019778651839,0.5157074062999767,0.579392507530816,1.0950999138307926,0.9024851617229732,-0.115781119823398,0.7867040418995752
Gemma 3 4B,relational_followups_update_v1:confirmatory:0067,2.5366323257078007,3.1324936887216257,1.9407709626939758,1.7788297903550556,2.0266534691104736,1.5310061115996376,1.5991084204374717,2.155405802320259,1.0428110385546843,0.7578025353527451,0.17972136991758392,0.937523905270329,1.105840219611152,-0.12875233320978552,0.9770878864013666,0.40976485109433813,0.48819507304495335,0.8979599241392915
Gemma 3 4B,relational_followups_update_v1:confirmatory:0068,-0.24866807356303555,-0.3322651046174796,-0.1650710425085915,0.5101221463006698,0.8641088755353126,0.15613541706602696,0.29086194000759047,0.3059338785879291,0.27579000142725185,-0.7587902198637053,0.2192602062930793,-0.539530013570626,-1.1963739801527922,0.5581749969473835,-0.6381989832054087,-0.32120645957461846,-0.11965458436122489,-0.44086104393584336
Gemma 3 4B,relational_followups_update_v1:confirmatory:0069,0.4722392180544217,0.7408645325672243,0.20361390354161912,0.4415498338231809,0.954820916256006,-0.07172124860964413,0.7142393758596053,1.3125657078422632,0.11591304387694734,0.03068938423124079,-0.27268954203642437,-0.24200015780518358,-0.21395638368878167,-0.35774479158625727,-0.5717011752750389,0.27533515215126325,-0.18763429248659147,0.08770085966467178
Gemma 3 4B,relational_followups_update_v1:confirmatory:0070,1.0323790182492893,0.9330823793812373,1.1316756571173414,0.362411171744478,-0.2727728492773016,0.9975951927662576,0.9921519982854368,1.0291666189120328,0.9551373776588408,0.6699678465048113,-0.6297408265409588,0.040227019963852584,1.205855228658539,-1.3019394681893344,-0.09608423953079548,0.13408046435108378,0.04245781510741686,0.17653827945850065
Gemma 3 4B,relational_followups_update_v1:confirmatory:0071,-0.511839344145403,-0.17772948779406672,-0.8459492004967393,-0.38302976219426066,-0.23692238103234153,-0.5291371433561798,-0.2950972104203875,-0.5131609726954629,-0.0770334481453121,-0.12880958195114234,-0.08793255177387316,-0.2167421337250155,0.05919289323827481,0.27623859166312137,0.3354314849013962,-0.3168120571405595,-0.4521036952108677,-0.7689157523514272
Gemma 3 4B,relational_followups_update_v1:confirmatory:0072,1.2530476539178843,1.7925201881396298,0.7135751196961388,0.5789852785595335,0.9615766137456232,0.19639394337344385,0.7649047230789714,0.44969771998207797,1.0801117261758648,0.6740623753583508,-0.18591944451943787,0.4881429308389129,0.8309435743940066,0.5118788937635452,1.3428224681575518,0.517181176322695,-0.883717782802421,-0.36653660647972597
Gemma 3 4B,relational_followups_update_v1:confirmatory:0073,0.9347980410995844,1.104777634947566,0.7648184472516029,1.4548676625630952,2.340400578747012,0.5693347463791785,0.5056628556204958,1.24675710557338,-0.23543139433238824,-0.5200696214635108,0.9492048069425993,0.4291351854790886,-1.235622943799446,1.093643473173632,-0.14197947062581395,0.1954837008724244,0.8047661407115667,1.000249841583991
Gemma 3 4B,relational_followups_update_v1:confirmatory:0074,1.4904325060625467,1.271085535313821,1.7097794768112724,0.7785834660333484,0.3026660230870841,1.2545009089796126,0.5741576195122544,0.22403601988492206,0.9242792191395868,0.7118490400291984,0.20442584652109397,0.9162748865502923,0.968419512226737,0.07863000320216207,1.047049515428899,0.45527856783165976,0.33022168984002587,0.7855002576716856
Gemma 3 4B,relational_followups_update_v1:confirmatory:0075,0.7460185266944275,0.5030319555637108,0.9890050978251441,0.17978041594180105,0.019884841835533962,0.33967599004806814,0.8923503374018522,0.6299437295861248,1.1547569452175797,0.5662381107526264,-0.7125699214600512,-0.14633181070742474,0.48314711372817687,-0.6100588877505908,-0.12691177402241394,0.649329107777076,-0.8150809551695115,-0.16575184739243554
Gemma 3 4B,relational_followups_update_v1:confirmatory:0076,1.5326888113446797,1.6436887459002438,1.4216888767891156,1.1052082518906654,1.227473399862661,0.9829431039186698,1.4582380627289018,1.8382127077333106,1.078263417724493,0.4274805594540143,-0.35302981083823637,0.07445074861577794,0.4162153460375828,-0.6107393078706496,-0.19452396183306675,0.4387457728704458,-0.09532031380582318,0.34342545906462263
Gemma 3 4B,relational_followups_update_v1:confirmatory:0077,0.4080904113786268,0.37469705631194294,0.4414837664453106,0.5043770862441685,0.5641705646011141,0.44458360788722295,1.5480274425412617,1.708906366001698,1.3871485190808253,-0.09628667486554177,-1.0436503562970931,-1.139937031162635,-0.1894735082891712,-1.144735801400584,-1.3342093096897552,-0.003099841441912332,-0.9425649111936023,-0.9456647526355146
Gemma 3 4B,relational_followups_update_v1:confirmatory:0078,1.1244398123445833,1.3180424916350848,0.9308371330540819,0.2651811732444531,0.38164946897426066,0.14871287751464557,1.414692189338194,1.36783415941637,1.461550219260018,0.8592586391001302,-1.149511016093741,-0.29025237699361073,0.9363930226608241,-0.9861846904421094,-0.0497916677812853,0.7821242555394363,-1.3128373417453725,-0.5307130862059362
Gemma 3 4B,relational_followups_update_v1:confirmatory:0079,0.8253828750062828,1.2641649284132281,0.3866008215993375,1.5870921024747733,1.3249968933458804,1.8491873116036661,1.0413973989382632,0.7147741933851925,1.368020604491334,-0.7617092274684905,0.5456947035365101,-0.2160145239319804,-0.060831964932652305,0.6102226999606879,0.5493907350280356,-1.4625864900043286,0.4811667071123322,-0.9814197828919964
Gemma 3 4B,relational_followups_update_v1:confirmatory:0080,1.0742595025739066,1.6008424796247995,0.5476765255230136,0.41439687357437016,0.021298711905858525,0.8074950352428818,0.8862305801350172,0.9672790370276445,0.8051821232423899,0.6598626289995364,-0.47183370656064705,0.18802892243888936,1.579543767718941,-0.945980325121786,0.633563442597155,-0.2598185097198682,0.0023129120004918846,-0.2575055977193763
Gemma 3 4B,relational_followups_update_v1:confirmatory:0081,0.9742719666182904,1.5472974653436644,0.4012464678929164,1.3096273730658852,1.2940852468695008,1.3251694992622696,1.304707550296511,1.3945652643462392,1.214849836246783,-0.33535540644759476,0.004919822769374083,-0.3304355836782207,0.25321221847416364,-0.1004800174767384,0.15273220099742524,-0.9239230313693532,0.11031966301548657,-0.8136033683538666
Gemma 3 4B,relational_followups_update_v1:confirmatory:0082,1.0726536619928955,1.4059562260256264,0.7393510979601645,0.5878480836264295,0.4142885203092401,0.7614076469436188,0.8982877329162489,0.9354212008360836,0.8611542649964141,0.484805578366466,-0.3104396492898194,0.1743659290766466,0.9916677057163863,-0.5211326805268435,0.4705350251895428,-0.022056548983454327,-0.09974661805279528,-0.1218031670362496
Gemma 3 4B,relational_followups_update_v1:confirmatory:0083,1.1574424218874309,1.5567879250605285,0.7580969187143332,0.23552768213913966,1.085048775299919,-0.6139934110216396,0.4393714933949795,0.8907693984565066,-0.01202641166654761,0.9219147397482912,-0.20384381125583984,0.7180709284924514,0.4717391497606096,0.19427937684341234,0.6660185266040219,1.3720903297359728,-0.601966999355092,0.7701233303808808
Gemma 3 4B,relational_followups_update_v1:confirmatory:0084,2.4290267435654935,2.8996260762618764,1.9584274108691107,1.1291327743987822,0.8349505181366625,1.423315030660902,1.8821425974363555,2.0357294255785163,1.7285557692941946,1.2998939691667113,-0.7530098230375732,0.546884146129138,2.064675558125214,-1.2007789074418538,0.8638966506833601,0.5351123802082087,-0.3052407386332927,0.22987164157491602
Gemma 3 4B,relational_followups_update_v1:confirmatory:0085,-0.09060420875667807,-0.47607054726864106,0.2948621297552849,0.30136565784188996,0.9400930213703269,-0.337361705686547,0.15615893107095724,-0.16664743139681448,0.47896529353872896,-0.39196986659856803,0.14520672677093271,-0.2467631398276353,-1.416163568638968,1.1067404527671414,-0.3094231158718266,0.6322238354418319,-0.816326999225276,-0.18410316378344405
Gemma 3 4B,relational_followups_update_v1:confirmatory:0086,0.4110044320300865,0.872364470588999,-0.05035560652882598,0.19359175141952356,0.5620673100628517,-0.1748838072238046,-0.0013827454880543932,-0.2719972913812869,0.26923180040517813,0.21741268061056296,0.19497449690757795,0.4123871775181409,0.3102971605261473,0.8340646014441386,1.144361761970286,0.12452820069497861,-0.4441156076289827,-0.3195874069340041
Gemma 3 4B,relational_followups_update_v1:confirmatory:0087,0.24624035116025067,0.4977579685539162,-0.005277266233414846,-0.39849355799245756,-0.67026614145857,-0.12672097452634512,-0.18677412023930207,-0.27522675376481986,-0.09832148671378427,0.6447339091527082,-0.2117194377531555,0.43301447139955274,1.1680241100124862,-0.39503938769375013,0.772984722318736,0.12144370829293027,-0.028399487812560853,0.09304422048036942
Gemma 3 4B,relational_followups_update_v1:confirmatory:0088,1.9028090531114707,2.5677967264228974,1.2378213798000441,0.45244929533346845,0.5197778806492552,0.38512071001768167,0.9653629274339641,0.7837125514218792,1.147013303446049,1.4503597577780023,-0.5129136321004957,0.9374461256775066,2.048018845773642,-0.263934670772624,1.7840841750010181,0.8527006697823625,-0.7618925934283673,0.09080807635399513
Gemma 3 4B,relational_followups_update_v1:confirmatory:0089,0.5564929496574811,1.3432620779495652,-0.23027617863460303,0.16909220050998464,0.19075029656063336,0.1474341044593359,0.5670484471748773,0.9992235521268968,0.13487334222285785,0.38740074914749645,-0.3979562466648927,-0.010555497517396262,1.1525117813889318,-0.8084732555662635,0.34403852582266836,-0.37771028309393895,0.012560762236478062,-0.3651495208574609
Gemma 3 4B,relational_followups_update_v1:confirmatory:0090,1.9529041665069444,2.16966591786065,1.736142415153239,0.6056156558155217,0.13666696365455788,1.0745643479764855,1.1611134861435928,1.115273330316847,1.2069536419703386,1.3472885106914227,-0.5554978303280711,0.7917906803633517,2.032998954206092,-0.9786063666622891,1.054392587543803,0.6615780671767535,-0.13238929399385313,0.5291887731829004
Gemma 3 4B,relational_followups_update_v1:confirmatory:0091,1.3898604079852066,1.5334992577633484,1.2462215582070648,0.36393864984123736,0.884890599701504,-0.15701330001902924,1.5768199678133414,1.6134604749701555,1.5401794606565273,1.0259217581439692,-1.212881317972104,-0.18695955982813484,0.6486086580618444,-0.7285698752686516,-0.07996121720680716,1.403234858226094,-1.6971927606755566,-0.2939579024494625
Gemma 3 4B,relational_followups_update_v1:confirmatory:0092,0.27431987426585014,0.9129658153665163,-0.36432606683481605,0.04990210068125389,0.30092866424510323,-0.20112446288259545,-0.41836590622555914,-0.6156059594355119,-0.2211258530156064,0.22441777358459625,0.46826800690681303,0.6926857804914093,0.6120371511214131,0.9165346236806151,1.5285717748020282,-0.1632016039522206,0.020001390133010943,-0.14320021381920967
Gemma 3 4B,relational_followups_update_v1:confirmatory:0093,1.0892810982216226,0.9597450677712898,1.2188171286719554,0.7223211321220573,0.8575390780321603,0.5871031862119542,0.6093841764224339,1.2052508184738269,0.013517534371040973,0.36695996609956527,0.11293695569962336,0.47989692179918864,0.10220598973912942,-0.34771174044166653,-0.2455057507025371,0.6317139424600011,0.5735856518409133,1.2052995943009144
Gemma 3 4B,relational_followups_update_v1:confirmatory:0094,-0.18731588578688596,-0.3704111015586049,-0.004220670015167016,-0.1604689947996314,-0.06519382365347948,-0.2557441659457833,0.3858093420554227,0.37414313041642,0.39747555369442544,-0.026846890987254568,-0.5462783368550541,-0.5731252278423087,-0.30521727790512543,-0.4393369540698995,-0.7445542319750249,0.2515234959306163,-0.6532197196402088,-0.40169622370959246
Gemma 3 4B,relational_followups_update_v1:confirmatory:0095,-0.08698357380489385,-0.11101109052314406,-0.06295605708664365,0.05364117574907734,-0.7097260709941882,0.8170084224923428,-0.3388479724471982,-0.4041839958707696,-0.27351194902362685,-0.1406247495539712,0.39248914819627556,0.25186439864230437,0.5987149804710441,-0.3055420751234186,0.2931729053476255,-0.8799644795789865,1.0905203715159697,0.2105558919369832
